Channel Name,Channel ID,YouTube URL,Theme,Tags,Favorite,Classification Basis,Needs Review
FAR MAROC,UCznXI4BkOD2eVNe4CqpRY-g,https://www.youtube.com/channel/UCznXI4BkOD2eVNe4CqpRY-g,Archive,,No,Inferred from the previous PocketTube collection,No
Nouhaila Hanguir,UCMPcfIghM8gYF4z0L0PTvTA,https://www.youtube.com/channel/UCMPcfIghM8gYF4z0L0PTvTA,Archive,,No,Inferred from the previous PocketTube collection,No
Unknown channel,UC8zcPIQGZMZfMh0Bgu7E2oA,https://www.youtube.com/channel/UC8zcPIQGZMZfMh0Bgu7E2oA,Archive,Archive,Yes,Needs review: channel metadata could not be resolved,Yes
Unknown channel,UCmAlw1XDI-pRS8ZsHCWnfcw,https://www.youtube.com/channel/UCmAlw1XDI-pRS8ZsHCWnfcw,Archive,Archive,Yes,Needs review: channel metadata could not be resolved,Yes
السرمدية,UCzjBmVYqAy4REq4ue1W_S7Q,https://www.youtube.com/channel/UCzjBmVYqAy4REq4ue1W_S7Q,Archive,,No,"Inferred from channel name, recent video titles, and collection context",No
برنامج الخزانة,UCpo2MvFPnWAOVeEIf3WlfGA,https://www.youtube.com/channel/UCpo2MvFPnWAOVeEIf3WlfGA,Archive,,No,"Inferred from channel name, recent video titles, and collection context",No
(Kindle مدرسة أبي الكنادل لل(كندل,UC8nG87IqCHm8fmPBmVlTxnQ,https://www.youtube.com/channel/UC8nG87IqCHm8fmPBmVlTxnQ,Books & Literature,,No,"Inferred from channel name, recent video titles, and collection context",No
* e m m i e *,UCMFSTAyvpl_yBXmq6JPfhBQ,https://www.youtube.com/channel/UCMFSTAyvpl_yBXmq6JPfhBQ,Books & Literature,,No,"Inferred from channel name, recent video titles, and collection context",No
A Clockwork Reader,UCYejuNiTTA3yCxVSOTyj7yA,https://www.youtube.com/channel/UCYejuNiTTA3yCxVSOTyj7yA,Books & Literature,,No,"Inferred from channel name, recent video titles, and collection context",No
A Dude Who Reads,UCjTFVRJfT7k3ISAVt3CR9IQ,https://www.youtube.com/channel/UCjTFVRJfT7k3ISAVt3CR9IQ,Books & Literature,,No,"Inferred from channel name, recent video titles, and collection context",No
Adab Book Club,UCRiTbNxQ65Mze9RanRBPvGw,https://www.youtube.com/channel/UCRiTbNxQ65Mze9RanRBPvGw,Books & Literature,Books; Reading; History,Yes,"Inferred from channel name, recent video titles, and collection context",No
ADIL EL JRAOUY / عادل الجراوي,UClbbcKyuVAAEnLzDZ1WhQew,https://www.youtube.com/channel/UClbbcKyuVAAEnLzDZ1WhQew,Books & Literature,,No,"Inferred from channel name, recent video titles, and collection context",No
Agenda,UCfM-_8CyuNyxcbcPNZMRa_g,https://www.youtube.com/channel/UCfM-_8CyuNyxcbcPNZMRa_g,Books & Literature,,No,"Inferred from channel name, recent video titles, and collection context",No
AJ+ ساحة,UCEg4_mU2CqqtQxWwzL_uh-w,https://www.youtube.com/channel/UCEg4_mU2CqqtQxWwzL_uh-w,Books & Literature,,No,"Inferred from channel name, recent video titles, and collection context",No
Alana Estelle,UCEFAdP5D3dL_KEoUy8Mb1oQ,https://www.youtube.com/channel/UCEFAdP5D3dL_KEoUy8Mb1oQ,Books & Literature,,No,"Inferred from channel name, recent video titles, and collection context",No
Ali Kanaan,UCczY0ZECzTutfZibV_7r8mw,https://www.youtube.com/channel/UCczY0ZECzTutfZibV_7r8mw,Books & Literature,,No,"Inferred from channel name, recent video titles, and collection context",No
Ali Muhammad Ali,UChbuH4HULlesX_rzlozkT6Q,https://www.youtube.com/channel/UChbuH4HULlesX_rzlozkT6Q,Books & Literature,,No,"Inferred from channel name, recent video titles, and collection context",No
Amira Mahmoud,UCq6Ptq0Mrw6uS6vH8lIUgeQ,https://www.youtube.com/channel/UCq6Ptq0Mrw6uS6vH8lIUgeQ,Books & Literature,Books; Reading; History,Yes,"Inferred from channel name, recent video titles, and collection context",No
Amira Mourtaday - أميرة المرتضي,UC7qzY02V5mjwXU-CzJJ2JEQ,https://www.youtube.com/channel/UC7qzY02V5mjwXU-CzJJ2JEQ,Books & Literature,,No,"Inferred from channel name, recent video titles, and collection context",No
Areej | أريچ,UCD75bWTZy1wQaCwSRRbKUhw,https://www.youtube.com/channel/UCD75bWTZy1wQaCwSRRbKUhw,Books & Literature,,No,"Inferred from channel name, recent video titles, and collection context",No
Ashlynn Calee,UCNKrw5ANbs6MF2gp5j3OUCA,https://www.youtube.com/channel/UCNKrw5ANbs6MF2gp5j3OUCA,Books & Literature,,No,"Inferred from channel name, recent video titles, and collection context",No
Asma Sherb.,UCUGIE8s2R9vmjV2kds1-byA,https://www.youtube.com/channel/UCUGIE8s2R9vmjV2kds1-byA,Books & Literature,,No,"Inferred from channel name, recent video titles, and collection context",No
AUDIO BOOKS | ARABIC,UC12hbnAPey8KGUCpKpVKeEA,https://www.youtube.com/channel/UC12hbnAPey8KGUCpKpVKeEA,Books & Literature,,No,"Inferred from channel name, recent video titles, and collection context",No
AudioBookLibrary,UCxll_A3qyC6N2nkx0y_AH4Q,https://www.youtube.com/channel/UCxll_A3qyC6N2nkx0y_AH4Q,Books & Literature,,No,Inferred from the previous PocketTube collection,No
Aya Abassi,UCWUQQ1e6FXcb-dpmNirCVNw,https://www.youtube.com/channel/UCWUQQ1e6FXcb-dpmNirCVNw,Books & Literature,Books; Reading; Writing,Yes,"Inferred from channel name, recent video titles, and collection context",No
Ben Reads Good,UCYaEzF1HghMIPm7d226gjIQ,https://www.youtube.com/channel/UCYaEzF1HghMIPm7d226gjIQ,Books & Literature,,No,"Inferred from channel name, recent video titles, and collection context",No
Benabdessadak Al Riffi | ابن عبدالصادق الريفي,UC7eRHu5PtfS14-5m1ZSYMDw,https://www.youtube.com/channel/UC7eRHu5PtfS14-5m1ZSYMDw,Books & Literature,Books; Reading,Yes,Inferred from the previous PocketTube collection,No
Benjamin McEvoy,UCJPpE22GR3Tt8TJQmFtQjwQ,https://www.youtube.com/channel/UCJPpE22GR3Tt8TJQmFtQjwQ,Books & Literature,Books; Reading; History,Yes,"Inferred from channel name, recent video titles, and collection context",No
Beth 🫐,UCbGoeTNCEMX7iOqMJELKG6g,https://www.youtube.com/channel/UCbGoeTNCEMX7iOqMJELKG6g,Books & Literature,,No,Inferred from the previous PocketTube collection,No
Billie Cook,UCq-5lvqusz8fag53Msgodjw,https://www.youtube.com/channel/UCq-5lvqusz8fag53Msgodjw,Books & Literature,,No,"Inferred from channel name, recent video titles, and collection context",No
Biologist Bibliophile,UCDiqVowVS6vUhSx6KrCQkpg,https://www.youtube.com/channel/UCDiqVowVS6vUhSx6KrCQkpg,Books & Literature,,No,"Inferred from channel name, recent video titles, and collection context",No
Bookaffe | كتب بوكافية,UCMn33VtiAotx4Bo3sF6t_ig,https://www.youtube.com/channel/UCMn33VtiAotx4Bo3sF6t_ig,Books & Literature,,No,"Inferred from channel name, recent video titles, and collection context",No
Books Friends (‫أصدقاء الكتب‬‎),UCwn-J3kp1C_3o1X_VbAWa2w,https://www.youtube.com/channel/UCwn-J3kp1C_3o1X_VbAWa2w,Books & Literature,,No,"Inferred from channel name, recent video titles, and collection context",No
Brent Stryker Talks a Lot,UCU08GOCa2wdsDGHJ7rkLytA,https://www.youtube.com/channel/UCU08GOCa2wdsDGHJ7rkLytA,Books & Literature,,No,"Inferred from channel name, recent video titles, and collection context",No
caitlyn,UCREkfDpwAeqxPXxlqw6ub-w,https://www.youtube.com/channel/UCREkfDpwAeqxPXxlqw6ub-w,Books & Literature,,No,Inferred from the previous PocketTube collection,No
CarolynMarieReads,UCKX6WkAuxHx-BVhyGZqnyIw,https://www.youtube.com/channel/UCKX6WkAuxHx-BVhyGZqnyIw,Books & Literature,,No,"Inferred from channel name, recent video titles, and collection context",No
celine | bookishwithb,UCY8lrSJ7wQMJqxM353T5-rA,https://www.youtube.com/channel/UCY8lrSJ7wQMJqxM353T5-rA,Books & Literature,,No,"Inferred from channel name, recent video titles, and collection context",No
Charlotte Fraza,UCJCR3IMdS5zHNh1OAQd7vMg,https://www.youtube.com/channel/UCJCR3IMdS5zHNh1OAQd7vMg,Books & Literature,,No,"Inferred from channel name, recent video titles, and collection context",No
Cinzia's Footnotes,UCNl7uVQHu6B0bSAezDZKGpg,https://www.youtube.com/channel/UCNl7uVQHu6B0bSAezDZKGpg,Books & Literature,Books; Reading,Yes,Inferred from the previous PocketTube collection,No
Connie Ramos,UCVeIGowWULK7zZCwqTiAZFg,https://www.youtube.com/channel/UCVeIGowWULK7zZCwqTiAZFg,Books & Literature,,No,"Inferred from channel name, recent video titles, and collection context",No
Cosmos Littéraire,UCN9APwwEnOYeC7261LRzOVA,https://www.youtube.com/channel/UCN9APwwEnOYeC7261LRzOVA,Books & Literature,,No,Inferred from the previous PocketTube collection,No
CriminOlly,UC3516zdH-XqACeusCHCVk8w,https://www.youtube.com/channel/UC3516zdH-XqACeusCHCVk8w,Books & Literature,,No,"Inferred from channel name, recent video titles, and collection context",No
Curiosity_plus,UCJDejxwL5nutBS93GnxDI1w,https://www.youtube.com/channel/UCJDejxwL5nutBS93GnxDI1w,Books & Literature,,No,"Inferred from channel name, recent video titles, and collection context",No
Daniel Greene,UCw--xPGVVxYzRsWyV1nFqgg,https://www.youtube.com/channel/UCw--xPGVVxYzRsWyV1nFqgg,Books & Literature,,No,"Inferred from channel name, recent video titles, and collection context",No
Dareen Reads | Vlogs | Narrates,UCusDWEzpbkUpDdkrTLwTZYg,https://www.youtube.com/channel/UCusDWEzpbkUpDdkrTLwTZYg,Books & Literature,,No,"Inferred from channel name, recent video titles, and collection context",No
Destina,UCk2uK3jPlliD6_JCAUb4myw,https://www.youtube.com/channel/UCk2uK3jPlliD6_JCAUb4myw,Books & Literature,,No,"Inferred from channel name, recent video titles, and collection context",No
Destiny Sidwell,UCMZuj6FSp3BBw5SLTTePHfA,https://www.youtube.com/channel/UCMZuj6FSp3BBw5SLTTePHfA,Books & Literature,,No,"Inferred from channel name, recent video titles, and collection context",No
DPedia | دروس بـيديا,UCID0yUA1KQlusNn7FV6Jzsw,https://www.youtube.com/channel/UCID0yUA1KQlusNn7FV6Jzsw,Books & Literature,,No,"Inferred from channel name, recent video titles, and collection context",No
Dr Sayed Gouda - Lectures,UCSdLquH_RQur48kBoCqJt5A,https://www.youtube.com/channel/UCSdLquH_RQur48kBoCqJt5A,Books & Literature,,No,"Inferred from channel name, recent video titles, and collection context",No
Eileen's Behind The Scenes,UCiawdrMph40A2gvOkpyYSxg,https://www.youtube.com/channel/UCiawdrMph40A2gvOkpyYSxg,Books & Literature,Books; Reading,Yes,"Inferred from channel name, recent video titles, and collection context",No
Eithar Al-dibs,UCwoW5Kv5O6M2r7sLO1J5RYA,https://www.youtube.com/channel/UCwoW5Kv5O6M2r7sLO1J5RYA,Books & Literature,,No,"Inferred from channel name, recent video titles, and collection context",No
El Zatoona - الزتونة,UCPnXSD5IUw3YdhUy5emn_qg,https://www.youtube.com/channel/UCPnXSD5IUw3YdhUy5emn_qg,Books & Literature,,No,"Inferred from channel name, recent video titles, and collection context",No
Emily Clarice Pessoa,UCNY-Nyc7ljVV4PTIOvvQkPw,https://www.youtube.com/channel/UCNY-Nyc7ljVV4PTIOvvQkPw,Books & Literature,,No,"Inferred from channel name, recent video titles, and collection context",No
Episteuphoria ابستفوريا,UCid1M52PVjz0qD0wHx1FsOQ,https://www.youtube.com/channel/UCid1M52PVjz0qD0wHx1FsOQ,Books & Literature,Books; Reading; Philosophy,Yes,"Inferred from channel name, recent video titles, and collection context",No
Eslam Adel - إسلام عادل,UCPFgGJZ46OzR4JPnzLC1JfQ,https://www.youtube.com/channel/UCPFgGJZ46OzR4JPnzLC1JfQ,Books & Literature,,No,"Inferred from channel name, recent video titles, and collection context",No
fahad aafet,UCMmD9bcMmA-1ibYZA134Jag,https://www.youtube.com/channel/UCMmD9bcMmA-1ibYZA134Jag,Books & Literature,,No,"Inferred from channel name, recent video titles, and collection context",No
Great Books Prof,UCIfO5AQxT9a0yzOVaPSx-VA,https://www.youtube.com/channel/UCIfO5AQxT9a0yzOVaPSx-VA,Books & Literature,Books; Reading,Yes,"Inferred from channel name, recent video titles, and collection context",No
Haley Pham,UC7szm7Z-YOF_HiFSY7KtYGw,https://www.youtube.com/channel/UC7szm7Z-YOF_HiFSY7KtYGw,Books & Literature,Books; Reading; Writing,Yes,"Inferred from channel name, recent video titles, and collection context",No
Hannah Janelle,UCRIOBU3ZasRiqHiCHxox9Zg,https://www.youtube.com/channel/UCRIOBU3ZasRiqHiCHxox9Zg,Books & Literature,,No,"Inferred from channel name, recent video titles, and collection context",No
Hannah Wijnen,UCdUaYsvcV_AvJYmAQ6Key0w,https://www.youtube.com/channel/UCdUaYsvcV_AvJYmAQ6Key0w,Books & Literature,,No,"Inferred from channel name, recent video titles, and collection context",No
Ian Gubeli,UCN-JYa0sNXJ0osjqO--Dzcw,https://www.youtube.com/channel/UCN-JYa0sNXJ0osjqO--Dzcw,Books & Literature,,No,"Inferred from channel name, recent video titles, and collection context",No
isa's corner,UC6_Oz6EGpFTPTrNc9AUfH0A,https://www.youtube.com/channel/UC6_Oz6EGpFTPTrNc9AUfH0A,Books & Literature,Books; Reading,Yes,"Inferred from channel name, recent video titles, and collection context",No
Issa Hen,UCPG4wuRi7HLJO1GE_1Qsjrw,https://www.youtube.com/channel/UCPG4wuRi7HLJO1GE_1Qsjrw,Books & Literature,Books; Reading,Yes,"Inferred from channel name, recent video titles, and collection context",No
Jack Edwards,UCBj244LMgn9I1JfPNeLMyew,https://www.youtube.com/channel/UCBj244LMgn9I1JfPNeLMyew,Books & Literature,,No,"Inferred from channel name, recent video titles, and collection context",No
jared,UC_EfRVbwrU-0dd-jpZn-gYw,https://www.youtube.com/channel/UC_EfRVbwrU-0dd-jpZn-gYw,Books & Literature,Books; Reading,Yes,"Inferred from channel name, recent video titles, and collection context",No
Jared Henderson,UC2Kyj04yISmHr1V-UlJz4eg,https://www.youtube.com/channel/UC2Kyj04yISmHr1V-UlJz4eg,Books & Literature,Books; Reading; Philosophy,Yes,"Inferred from channel name, recent video titles, and collection context",No
Joseph Reads Books,UCL7cErNo3HhIWzd2yJxqz3w,https://www.youtube.com/channel/UCL7cErNo3HhIWzd2yJxqz3w,Books & Literature,,No,"Inferred from channel name, recent video titles, and collection context",No
Kc Is Reading,UCH98nui1iKytLitZwBt_TYQ,https://www.youtube.com/channel/UCH98nui1iKytLitZwBt_TYQ,Books & Literature,,No,"Inferred from channel name, recent video titles, and collection context",No
Lady of the Library,UCRyUuHHvQesy1w3sQX-g4bA,https://www.youtube.com/channel/UCRyUuHHvQesy1w3sQX-g4bA,Books & Literature,Books; Reading; History; Philosophy,Yes,"Inferred from channel name, recent video titles, and collection context",No
Laura Rae Says,UCaVRBLbdyewEuTXKYJAMoaQ,https://www.youtube.com/channel/UCaVRBLbdyewEuTXKYJAMoaQ,Books & Literature,,No,Inferred from the previous PocketTube collection,No
Listen To Meriem \ استمع إلى مريم,UCLbjbOXzl7zpGdTOuZkj6wQ,https://www.youtube.com/channel/UCLbjbOXzl7zpGdTOuZkj6wQ,Books & Literature,Books; Reading; Writing,Yes,"Inferred from channel name, recent video titles, and collection context",No
Literary Devices,UCaWskZp8_1mSYU64015Corw,https://www.youtube.com/channel/UCaWskZp8_1mSYU64015Corw,Books & Literature,,No,"Inferred from channel name, recent video titles, and collection context",No
Mahmoud Abdlmotaleb,UCsUFBXqhWxPNIFWQRbMtxFA,https://www.youtube.com/channel/UCsUFBXqhWxPNIFWQRbMtxFA,Books & Literature,,No,Inferred from the previous PocketTube collection,No
Matthew Schaefer,UCIs212xFtCExPXZ-rST2V7A,https://www.youtube.com/channel/UCIs212xFtCExPXZ-rST2V7A,Books & Literature,,No,"Inferred from channel name, recent video titles, and collection context",No
Merphy Napier | Books,UCngqsMYjruusuywWg_2xraA,https://www.youtube.com/channel/UCngqsMYjruusuywWg_2xraA,Books & Literature,Books; Reading,Yes,"Inferred from channel name, recent video titles, and collection context",No
mohamed elmouktadiمحمد المقتدي,UCYyI-oMj0sD6ttoU7pDRyYw,https://www.youtube.com/channel/UCYyI-oMj0sD6ttoU7pDRyYw,Books & Literature,Books; Reading,Yes,"Inferred from channel name, recent video titles, and collection context",No
mrym,UCXWQWHqQgMWrhqHyGaG6wGA,https://www.youtube.com/channel/UCXWQWHqQgMWrhqHyGaG6wGA,Books & Literature,Books; Reading; Writing,Yes,"Inferred from channel name, recent video titles, and collection context",No
MS Geaming,UCmv_Mxn4LJHtl4skKw_b--g,https://www.youtube.com/channel/UCmv_Mxn4LJHtl4skKw_b--g,Books & Literature,,No,Inferred from the previous PocketTube collection,No
N_artist_U,UCRcwlN8oKfSKzCAOYzQO1KA,https://www.youtube.com/channel/UCRcwlN8oKfSKzCAOYzQO1KA,Books & Literature,Books; Reading,Yes,"Inferred from channel name, recent video titles, and collection context",No
Nada Arafat,UCYzXGSv4SjhYeB5BUUvmsbw,https://www.youtube.com/channel/UCYzXGSv4SjhYeB5BUUvmsbw,Books & Literature,Books; Reading,Yes,"Inferred from channel name, recent video titles, and collection context",No
Nada Majdy,UCBg7Zar6U-kV0yDKvc5GMWw,https://www.youtube.com/channel/UCBg7Zar6U-kV0yDKvc5GMWw,Books & Literature,,No,"Inferred from channel name, recent video titles, and collection context",No
Nedal Reads,UCvlSbvZqQz1s3MlCMQifYYg,https://www.youtube.com/channel/UCvlSbvZqQz1s3MlCMQifYYg,Books & Literature,Books; Reading,Yes,"Inferred from channel name, recent video titles, and collection context",No
Noa Maria,UCyduPThDUN_UkQLybZDsFOQ,https://www.youtube.com/channel/UCyduPThDUN_UkQLybZDsFOQ,Books & Literature,,No,Inferred from the previous PocketTube collection,No
Nota - نوته,UCaZaVAgcrzkqiUhOwGK4TSQ,https://www.youtube.com/channel/UCaZaVAgcrzkqiUhOwGK4TSQ,Books & Literature,,No,"Inferred from channel name, recent video titles, and collection context",No
Odysseas,UCQjBsscIa_mgEnSvWpm_9vw,https://www.youtube.com/channel/UCQjBsscIa_mgEnSvWpm_9vw,Books & Literature,,No,"Inferred from channel name, recent video titles, and collection context",No
One Man Book Club,UC3-ewHp_BGq7pQWwx3TYcqQ,https://www.youtube.com/channel/UC3-ewHp_BGq7pQWwx3TYcqQ,Books & Literature,,No,"Inferred from channel name, recent video titles, and collection context",No
PDF ورق ولا,UCTYeormqOybqEGLQ7VOW3bw,https://www.youtube.com/channel/UCTYeormqOybqEGLQ7VOW3bw,Books & Literature,Books; Reading,Yes,"Inferred from channel name, recent video titles, and collection context",No
Petra Publications,UCNcQC6V7CidbZf2apnL2WKg,https://www.youtube.com/channel/UCNcQC6V7CidbZf2apnL2WKg,Books & Literature,,No,"Inferred from channel name, recent video titles, and collection context",No
Plant Based Bride,UClHoWkjm4Ky5K0J2tHnf21Q,https://www.youtube.com/channel/UClHoWkjm4Ky5K0J2tHnf21Q,Books & Literature,,No,"Inferred from channel name, recent video titles, and collection context",No
PossessedbyHorror,UC-exz3M1efabysAyd90ekNQ,https://www.youtube.com/channel/UC-exz3M1efabysAyd90ekNQ,Books & Literature,,No,"Inferred from channel name, recent video titles, and collection context",No
Prose & Petticoats,UCEqQ2Z3s40ew6FAE4QwRpXA,https://www.youtube.com/channel/UCEqQ2Z3s40ew6FAE4QwRpXA,Books & Literature,,No,"Inferred from channel name, recent video titles, and collection context",No
raya,UCXF5ImZ6P-eFVfBXJxHMy9w,https://www.youtube.com/channel/UCXF5ImZ6P-eFVfBXJxHMy9w,Books & Literature,,No,"Inferred from channel name, recent video titles, and collection context",No
ReadTube - جيل يقرأ,UCu1NJiJlhrhmF5ZgT-0yWdA,https://www.youtube.com/channel/UCu1NJiJlhrhmF5ZgT-0yWdA,Books & Literature,Books; Reading; Philosophy,Yes,"Inferred from channel name, recent video titles, and collection context",No
Reysu,UCbDmEdLs-SB3FjrDFQJ4TDg,https://www.youtube.com/channel/UCbDmEdLs-SB3FjrDFQJ4TDg,Books & Literature,Books; Reading,Yes,"Inferred from channel name, recent video titles, and collection context",No
RIWAYA,UC1IsTmJIWzOLThy7cWJAxFQ,https://www.youtube.com/channel/UC1IsTmJIWzOLThy7cWJAxFQ,Books & Literature,Books; Reading; History,Yes,"Inferred from channel name, recent video titles, and collection context",No
Robin Waldun,UCafEZMU5s8geb9oIly6xTrg,https://www.youtube.com/channel/UCafEZMU5s8geb9oIly6xTrg,Books & Literature,Books; Reading; Writing,Yes,"Inferred from channel name, recent video titles, and collection context",No
rose akum,UCBmL8mPXS49sVufuWgso14Q,https://www.youtube.com/channel/UCBmL8mPXS49sVufuWgso14Q,Books & Literature,,No,"Inferred from channel name, recent video titles, and collection context",No
SAY YOUR WORD / ELIF SHAFAK,UCzA8EM_5RVoaHe15ELC4f2w,https://www.youtube.com/channel/UCzA8EM_5RVoaHe15ELC4f2w,Books & Literature,,No,"Inferred from channel name, recent video titles, and collection context",No
Serial Reader/ Liseuse en série,UC-hcFFIYllTdGtNOQ3js8pQ,https://www.youtube.com/channel/UC-hcFFIYllTdGtNOQ3js8pQ,Books & Literature,,No,"Inferred from channel name, recent video titles, and collection context",No
Shelly Swearingen,UCk-jilp_VucStY1kA8W1JtA,https://www.youtube.com/channel/UCk-jilp_VucStY1kA8W1JtA,Books & Literature,Books; Reading,Yes,"Inferred from channel name, recent video titles, and collection context",No
Stefan Svartling,UC2sLD8A_C5NObxCodTeIfiA,https://www.youtube.com/channel/UC2sLD8A_C5NObxCodTeIfiA,Books & Literature,,No,"Inferred from channel name, recent video titles, and collection context",No
Storytel ستوريتل,UC0Mq7z9I31Aof-WpO4B7LeQ,https://www.youtube.com/channel/UC0Mq7z9I31Aof-WpO4B7LeQ,Books & Literature,,No,"Inferred from channel name, recent video titles, and collection context",No
Strange Lucidity,UC-OIDSTAa-RISNwrlg8P3UQ,https://www.youtube.com/channel/UC-OIDSTAa-RISNwrlg8P3UQ,Books & Literature,Books; Reading; Writing,Yes,"Inferred from channel name, recent video titles, and collection context",No
Tarek Osman طارق عثمان,UCj8P3WuqQN_NnuC8igAAiNw,https://www.youtube.com/channel/UCj8P3WuqQN_NnuC8igAAiNw,Books & Literature,Books; Reading,Yes,"Inferred from channel name, recent video titles, and collection context",No
The Book Leo,UCkSMDOtrKr43OGSSmKnx6tQ,https://www.youtube.com/channel/UCkSMDOtrKr43OGSSmKnx6tQ,Books & Literature,Books; Reading,Yes,"Inferred from channel name, recent video titles, and collection context",No
The eBook Reader,UCNvW5N_t9Umw8-KVBsNxFaw,https://www.youtube.com/channel/UCNvW5N_t9Umw8-KVBsNxFaw,Books & Literature,,No,"Inferred from channel name, recent video titles, and collection context",No
The Foxed Page,UCy1kybrzMX28nMTsTe6iAlw,https://www.youtube.com/channel/UCy1kybrzMX28nMTsTe6iAlw,Books & Literature,,No,Inferred from the previous PocketTube collection,No
The Novelist - الروائي,UCT1net5w6ic_GXNelRfq-Bg,https://www.youtube.com/channel/UCT1net5w6ic_GXNelRfq-Bg,Books & Literature,,No,"Inferred from channel name, recent video titles, and collection context",No
the reader,UCKss37YDDPxiNrN7Gucyvjg,https://www.youtube.com/channel/UCKss37YDDPxiNrN7Gucyvjg,Books & Literature,,No,"Inferred from channel name, recent video titles, and collection context",No
The Reading Unicorn,UCFwY76CtXHrkfm_e9dBq4PQ,https://www.youtube.com/channel/UCFwY76CtXHrkfm_e9dBq4PQ,Books & Literature,,No,"Inferred from channel name, recent video titles, and collection context",No
TheAlgerianTalker,UCP35x_NL2vkh7PNUgqhUudA,https://www.youtube.com/channel/UCP35x_NL2vkh7PNUgqhUudA,Books & Literature,,No,"Inferred from channel name, recent video titles, and collection context",No
throneofpages,UCyuNJzAtko2kjOkjuAekw2w,https://www.youtube.com/channel/UCyuNJzAtko2kjOkjuAekw2w,Books & Literature,,No,"Inferred from channel name, recent video titles, and collection context",No
Tristan and the Classics,UCi6NV8iNdtixG7Q2kOzbnnQ,https://www.youtube.com/channel/UCi6NV8iNdtixG7Q2kOzbnnQ,Books & Literature,Books; Reading; Philosophy; Writing,Yes,"Inferred from channel name, recent video titles, and collection context",No
Unsolicited advice,UCW71hQg1kDxmFIfijA8dL0Q,https://www.youtube.com/channel/UCW71hQg1kDxmFIfijA8dL0Q,Books & Literature,Books; Reading; History,Yes,"Inferred from channel name, recent video titles, and collection context",No
Valerie Geary's Book Nook,UCV-w03t5Mjk2DVhvtZ4z9-g,https://www.youtube.com/channel/UCV-w03t5Mjk2DVhvtZ4z9-g,Books & Literature,,No,"Inferred from channel name, recent video titles, and collection context",No
Yasser Abuelhassab | ياسر أبو الحسب,UCv7Xm42m_99AP_xRPH1H_ZA,https://www.youtube.com/channel/UCv7Xm42m_99AP_xRPH1H_ZA,Books & Literature,,No,"Inferred from channel name, recent video titles, and collection context",No
Zoë Winter,UCZuNC5BF3v__0NuBpcqAOQA,https://www.youtube.com/channel/UCZuNC5BF3v__0NuBpcqAOQA,Books & Literature,Books; Reading; Philosophy,Yes,"Inferred from channel name, recent video titles, and collection context",No
أخضر,UCtUor2SqesPS3b_SMFtLT_w,https://www.youtube.com/channel/UCtUor2SqesPS3b_SMFtLT_w,Books & Literature,,No,"Inferred from channel name, recent video titles, and collection context",No
أدبيات وأشعار,UCVgHfDdUUpJULxQp63Jmd9w,https://www.youtube.com/channel/UCVgHfDdUUpJULxQp63Jmd9w,Books & Literature,,No,"Inferred from channel name, recent video titles, and collection context",No
أسمار وأفكار,UCVjBGqx_AuDSHjLxS8t-mSw,https://www.youtube.com/channel/UCVjBGqx_AuDSHjLxS8t-mSw,Books & Literature,Books; Reading; History,Yes,"Inferred from channel name, recent video titles, and collection context",No
أمبيولانص,UCyxFog2shPTW4R9irohYruQ,https://www.youtube.com/channel/UCyxFog2shPTW4R9irohYruQ,Books & Literature,,No,"Inferred from channel name, recent video titles, and collection context",No
أوريليوس - Aurelius,UCQ_jVopUo7MLCOu4dxF6s_Q,https://www.youtube.com/channel/UCQ_jVopUo7MLCOu4dxF6s_Q,Books & Literature,Books; Reading; Philosophy,Yes,"Inferred from channel name, recent video titles, and collection context",No
أيمن العتوم,UCqBrZisk79ExL7MN96bEJxA,https://www.youtube.com/channel/UCqBrZisk79ExL7MN96bEJxA,Books & Literature,,No,"Inferred from channel name, recent video titles, and collection context",No
إستمع لكتاب,UCaEAbenmnVDJPcogYfS7WbA,https://www.youtube.com/channel/UCaEAbenmnVDJPcogYfS7WbA,Books & Literature,,No,"Inferred from channel name, recent video titles, and collection context",No
الأمالي,UC1Rf7_9bfaj3upWFLu8Dfnw,https://www.youtube.com/channel/UC1Rf7_9bfaj3upWFLu8Dfnw,Books & Literature,Books; Reading,Yes,"Inferred from channel name, recent video titles, and collection context",No
السارد,UCNq_o_KYalpvB4g6hZW-m4w,https://www.youtube.com/channel/UCNq_o_KYalpvB4g6hZW-m4w,Books & Literature,,No,"Inferred from channel name, recent video titles, and collection context",No
الفهرس,UCXBYKrvDF8gBYBVW4BGO8Aw,https://www.youtube.com/channel/UCXBYKrvDF8gBYBVW4BGO8Aw,Books & Literature,Books; Reading; History,Yes,"Inferred from channel name, recent video titles, and collection context",No
القناة الرسمية لتسجيلات الراية,UCrqP9iu0SgqEjQZyuCt8QMA,https://www.youtube.com/channel/UCrqP9iu0SgqEjQZyuCt8QMA,Books & Literature,,No,"Inferred from channel name, recent video titles, and collection context",No
الكتاب المرافق,UCBkmNS4BK_BYTvShezBiuZQ,https://www.youtube.com/channel/UCBkmNS4BK_BYTvShezBiuZQ,Books & Literature,,No,"Inferred from channel name, recent video titles, and collection context",No
المدرسة المالكية بالأحساء,UCJh5DlPVzn-WXt7y8jzloaA,https://www.youtube.com/channel/UCJh5DlPVzn-WXt7y8jzloaA,Books & Literature,,No,"Inferred from channel name, recent video titles, and collection context",No
بتاع الكتب,UCww1UIAj1ONxPlNco0fqXZA,https://www.youtube.com/channel/UCww1UIAj1ONxPlNco0fqXZA,Books & Literature,,No,"Inferred from channel name, recent video titles, and collection context",No
حديث قارئ,UCosTybEmzbILCrpk5js9W8A,https://www.youtube.com/channel/UCosTybEmzbILCrpk5js9W8A,Books & Literature,,No,"Inferred from channel name, recent video titles, and collection context",No
حياة بصحبة الكتب,UCOAomhSyevcsFkrMoVoK7Ag,https://www.youtube.com/channel/UCOAomhSyevcsFkrMoVoK7Ag,Books & Literature,,No,"Inferred from channel name, recent video titles, and collection context",No
حياة بين الكتب,UCEVSJjP739ucVXiF1PjJ88w,https://www.youtube.com/channel/UCEVSJjP739ucVXiF1PjJ88w,Books & Literature,,No,"Inferred from channel name, recent video titles, and collection context",No
د.أسماء حسام - Dr Asmaa Houssam,UCXBPDfQvITbk5LvWl8BBLrg,https://www.youtube.com/channel/UCXBPDfQvITbk5LvWl8BBLrg,Books & Literature,,No,"Inferred from channel name, recent video titles, and collection context",No
د.جاسم الجزاع,UCIPZfUwmodlfgGPh886RkUA,https://www.youtube.com/channel/UCIPZfUwmodlfgGPh886RkUA,Books & Literature,Books; Reading,Yes,"Inferred from channel name, recent video titles, and collection context",No
دودة كتب | ندى الشبراوي,UCkgcGE_4UGqcXmN1JvXfovQ,https://www.youtube.com/channel/UCkgcGE_4UGqcXmN1JvXfovQ,Books & Literature,Books; Reading; Writing,Yes,"Inferred from channel name, recent video titles, and collection context",No
رانية أبولعيش,UC57hMEuA8sGMgLncbeYcgCQ,https://www.youtube.com/channel/UC57hMEuA8sGMgLncbeYcgCQ,Books & Literature,,No,"Inferred from channel name, recent video titles, and collection context",No
ربيع السملالي,UCnIm0WxR4-UATpYaYVvA9Eg,https://www.youtube.com/channel/UCnIm0WxR4-UATpYaYVvA9Eg,Books & Literature,,No,"Inferred from channel name, recent video titles, and collection context",No
رواد المصلحين,UCo66bFGU5aO4qeaX26ApqVg,https://www.youtube.com/channel/UCo66bFGU5aO4qeaX26ApqVg,Books & Literature,,No,"Inferred from channel name, recent video titles, and collection context",No
زياد الحداد,UCVBl0yVZ2yMv8p5QAo96A1w,https://www.youtube.com/channel/UCVBl0yVZ2yMv8p5QAo96A1w,Books & Literature,Books; Reading,Yes,"Inferred from channel name, recent video titles, and collection context",No
سامي البطاطي,UCL-6HAx3MFwVyBQu4XqQv1Q,https://www.youtube.com/channel/UCL-6HAx3MFwVyBQu4XqQv1Q,Books & Literature,Books; Reading; History,Yes,"Inferred from channel name, recent video titles, and collection context",No
سلفني كتاب,UC0xBG-5yvGyfb98chk3sAEg,https://www.youtube.com/channel/UC0xBG-5yvGyfb98chk3sAEg,Books & Literature,,No,"Inferred from channel name, recent video titles, and collection context",No
عبد العزيز شني,UC1cbQ3FXT6Sw0Qm1YgKAu_g,https://www.youtube.com/channel/UC1cbQ3FXT6Sw0Qm1YgKAu_g,Books & Literature,,No,"Inferred from channel name, recent video titles, and collection context",No
عبداللطيف الغزالي,UCiGV0yW6xiHOjtgAp-cRqYA,https://www.youtube.com/channel/UCiGV0yW6xiHOjtgAp-cRqYA,Books & Literature,,No,Inferred from the previous PocketTube collection,No
عصير الكتب,UCMrW8DtcH1ZLq-F6WqqSXnQ,https://www.youtube.com/channel/UCMrW8DtcH1ZLq-F6WqqSXnQ,Books & Literature,,No,"Inferred from channel name, recent video titles, and collection context",No
عنادل,UCyMCRjGxNwvNjgiRWlNj8cA,https://www.youtube.com/channel/UCyMCRjGxNwvNjgiRWlNj8cA,Books & Literature,Books; Reading; Philosophy,Yes,"Inferred from channel name, recent video titles, and collection context",No
قناة الأستاذ أبي قيس محمد رشيد للشعر العربي,UCCDq1ELGPKIaAWGKbxmlOCQ,https://www.youtube.com/channel/UCCDq1ELGPKIaAWGKbxmlOCQ,Books & Literature,Books; Reading,Yes,"Inferred from channel name, recent video titles, and collection context",No
قناة مكافح الشبهات,UCw0b2Jm2GbVryD38zvMu7eQ,https://www.youtube.com/channel/UCw0b2Jm2GbVryD38zvMu7eQ,Books & Literature,Books; Reading,Yes,"Inferred from channel name, recent video titles, and collection context",No
كلمة نور,UCSeQL0jafJC653o6Na-MKyw,https://www.youtube.com/channel/UCSeQL0jafJC653o6Na-MKyw,Books & Literature,,No,"Inferred from channel name, recent video titles, and collection context",No
كوكب الكتب - طارق عز,UC1WenXGoNUExXo-dwvFrV8w,https://www.youtube.com/channel/UC1WenXGoNUExXo-dwvFrV8w,Books & Literature,,No,"Inferred from channel name, recent video titles, and collection context",No
كيندليون - Kindleeon,UCx18raNTqjzlmZizv4L5EjA,https://www.youtube.com/channel/UCx18raNTqjzlmZizv4L5EjA,Books & Literature,,No,Inferred from the previous PocketTube collection,No
لُب الكتاب,UCJEaqIZiK0DopKEtwjHivSw,https://www.youtube.com/channel/UCJEaqIZiK0DopKEtwjHivSw,Books & Literature,,No,"Inferred from channel name, recent video titles, and collection context",No
ما وراء الغلاف,UCnCMfzlOHdp6h1QCWMR2BYA,https://www.youtube.com/channel/UCnCMfzlOHdp6h1QCWMR2BYA,Books & Literature,,No,"Inferred from channel name, recent video titles, and collection context",No
متع عقلك | شخصيات,UCjYuzWEBTpM4llxH0mLNLGw,https://www.youtube.com/channel/UCjYuzWEBTpM4llxH0mLNLGw,Books & Literature,,No,"Inferred from channel name, recent video titles, and collection context",No
مقتطفات من مجالس أبو قيس محمد رشيد,UCzkMOtR7pTpa9K1VK6QG9Vw,https://www.youtube.com/channel/UCzkMOtR7pTpa9K1VK6QG9Vw,Books & Literature,,No,"Inferred from channel name, recent video titles, and collection context",No
مقهى الفلاسفة,UCd4-mrj6kNmsM_WERqMEOKQ,https://www.youtube.com/channel/UCd4-mrj6kNmsM_WERqMEOKQ,Books & Literature,,No,Inferred from the previous PocketTube collection,No
مهيمن مصطفى,UCPXaJA42NmCQhE_41AfsT2w,https://www.youtube.com/channel/UCPXaJA42NmCQhE_41AfsT2w,Books & Literature,,No,"Inferred from channel name, recent video titles, and collection context",No
نايف السحيم,UCgc_gk5APR4QcpeuLiIJ0qw,https://www.youtube.com/channel/UCgc_gk5APR4QcpeuLiIJ0qw,Books & Literature,,No,"Inferred from channel name, recent video titles, and collection context",No
‫الأدب العربي (‪Adab 3araby‬‏)‬‎,UC-YgH2hgO0ggLLvoMKV756Q,https://www.youtube.com/channel/UC-YgH2hgO0ggLLvoMKV756Q,Books & Literature,,No,"Inferred from channel name, recent video titles, and collection context",No
4reaction l فور رياكشن,UCjCNVFLB7E22HybDN-Bzaqg,https://www.youtube.com/channel/UCjCNVFLB7E22HybDN-Bzaqg,Culture & Entertainment,,No,Inferred from the previous PocketTube collection,No
Abdulrahman Morsi,UCAzTWqUnHOVVrQDrg6uKm2g,https://www.youtube.com/channel/UCAzTWqUnHOVVrQDrg6uKm2g,Culture & Entertainment,,No,Inferred from the previous PocketTube collection,No
AboFlah,UCqq5n-Oe-r1EEHI3yvhVJcA,https://www.youtube.com/channel/UCqq5n-Oe-r1EEHI3yvhVJcA,Culture & Entertainment,,No,Inferred from the previous PocketTube collection,No
Ahmad Fakhouri,UC_RoRoYeLA_xtOYu5IJ7dRA,https://www.youtube.com/channel/UC_RoRoYeLA_xtOYu5IJ7dRA,Culture & Entertainment,Culture; Entertainment,Yes,Needs review: no reliable subject signal,Yes
Anfel Che,UC0NrV7ygKqg6WJeiopsleHw,https://www.youtube.com/channel/UC0NrV7ygKqg6WJeiopsleHw,Culture & Entertainment,,No,Inferred from the previous PocketTube collection,No
Anwar Jibawi,UCEr55381WIqO1w_IzgcI5DQ,https://www.youtube.com/channel/UCEr55381WIqO1w_IzgcI5DQ,Culture & Entertainment,,No,Inferred from the previous PocketTube collection,No
ArtCity,UCjFtKKUdI6dK47QxKEFTthQ,https://www.youtube.com/channel/UCjFtKKUdI6dK47QxKEFTthQ,Culture & Entertainment,,No,Inferred from the previous PocketTube collection,No
AYJ,UCpTsPOfipUUxUTmihRH5YEw,https://www.youtube.com/channel/UCpTsPOfipUUxUTmihRH5YEw,Culture & Entertainment,,No,Inferred from the previous PocketTube collection,No
BanderitaX,UCxEGVXh6fi-XYo58NZrbIHQ,https://www.youtube.com/channel/UCxEGVXh6fi-XYo58NZrbIHQ,Culture & Entertainment,,No,Inferred from the previous PocketTube collection,No
BarryTube,UC5p0FTpOleZUc87YVJ8VX-g,https://www.youtube.com/channel/UC5p0FTpOleZUc87YVJ8VX-g,Culture & Entertainment,,No,Inferred from the previous PocketTube collection,No
Bella Dixon,UCwy0bqNl7S_xtIZlMhL7z7w,https://www.youtube.com/channel/UCwy0bqNl7S_xtIZlMhL7z7w,Culture & Entertainment,,No,Inferred from the previous PocketTube collection,No
Better Than Yesterday,UCpExuV8qJMfCaSQNL1YG6bQ,https://www.youtube.com/channel/UCpExuV8qJMfCaSQNL1YG6bQ,Culture & Entertainment,,No,Inferred from the previous PocketTube collection,No
Biriebi3,UCaiDMISrJ793H8wam35BJUQ,https://www.youtube.com/channel/UCaiDMISrJ793H8wam35BJUQ,Culture & Entertainment,,No,Inferred from the previous PocketTube collection,No
bread gang,UCis--DpM73HUfyqkrOPSc1A,https://www.youtube.com/channel/UCis--DpM73HUfyqkrOPSc1A,Culture & Entertainment,,No,Inferred from the previous PocketTube collection,No
Brock McGoff,UClbfoD1o7sV0VxErpxTCpyw,https://www.youtube.com/channel/UClbfoD1o7sV0VxErpxTCpyw,Culture & Entertainment,,No,Inferred from the previous PocketTube collection,No
Chess.com,UC5kS0l76kC0xOzMPtOmSFGw,https://www.youtube.com/channel/UC5kS0l76kC0xOzMPtOmSFGw,Culture & Entertainment,,No,Inferred from the previous PocketTube collection,No
ChessPage1,UCO2QPmnJFjdvJ6ch-pe27dQ,https://www.youtube.com/channel/UCO2QPmnJFjdvJ6ch-pe27dQ,Culture & Entertainment,,No,Inferred from the previous PocketTube collection,No
Days with nood,UCVrVi4odAnBtUI07rdrLfgA,https://www.youtube.com/channel/UCVrVi4odAnBtUI07rdrLfgA,Culture & Entertainment,,No,Inferred from the previous PocketTube collection,No
Dean Schneider,UCIsz3XD8_E1ebhE4YScWeJg,https://www.youtube.com/channel/UCIsz3XD8_E1ebhE4YScWeJg,Culture & Entertainment,,No,Inferred from the previous PocketTube collection,No
Doctor Mike,UC0QHWhjbe5fGJEPz3sVb6nw,https://www.youtube.com/channel/UC0QHWhjbe5fGJEPz3sVb6nw,Culture & Entertainment,,No,Inferred from the previous PocketTube collection,No
Dream Build,UCfjzrJwlvxumk0oMWNx7fXQ,https://www.youtube.com/channel/UCfjzrJwlvxumk0oMWNx7fXQ,Culture & Entertainment,,No,Inferred from the previous PocketTube collection,No
Dry Bar Comedy,UCvlVuntLjdURVD3b3Hx7kxw,https://www.youtube.com/channel/UCvlVuntLjdURVD3b3Hx7kxw,Culture & Entertainment,,No,Inferred from the previous PocketTube collection,No
ETOE,UCj-WTJ7Qa2IbTmNComCIZtw,https://www.youtube.com/channel/UCj-WTJ7Qa2IbTmNComCIZtw,Culture & Entertainment,,No,Inferred from the previous PocketTube collection,No
Gattsu,UCCCmapQ-VnHWNZlK1Jdnalg,https://www.youtube.com/channel/UCCCmapQ-VnHWNZlK1Jdnalg,Culture & Entertainment,Culture; Entertainment,Yes,Inferred from the previous PocketTube collection,No
Gawx Art,UCFDxyA1H3VEN0VQwfMe2VMQ,https://www.youtube.com/channel/UCFDxyA1H3VEN0VQwfMe2VMQ,Culture & Entertainment,,No,Inferred from the previous PocketTube collection,No
Gentleman's Gazette,UCEgoThiTZG6wbTVA6B1Ksaw,https://www.youtube.com/channel/UCEgoThiTZG6wbTVA6B1Ksaw,Culture & Entertainment,,No,Inferred from the previous PocketTube collection,No
Ghita Mizdid,UCS7xUsHrR677l-ch2HmYDGA,https://www.youtube.com/channel/UCS7xUsHrR677l-ch2HmYDGA,Culture & Entertainment,,No,Inferred from the previous PocketTube collection,No
GMHikaru Clips,UCk9Uv2l1rXWII5i2vu1y_bA,https://www.youtube.com/channel/UCk9Uv2l1rXWII5i2vu1y_bA,Culture & Entertainment,,No,Inferred from the previous PocketTube collection,No
GothamChess,UCQHX6ViZmPsWiYSFAyS0a3Q,https://www.youtube.com/channel/UCQHX6ViZmPsWiYSFAyS0a3Q,Culture & Entertainment,,No,Inferred from the previous PocketTube collection,No
Guinness World Records,UCeSRjhfeeqIgr--AcP9qhyg,https://www.youtube.com/channel/UCeSRjhfeeqIgr--AcP9qhyg,Culture & Entertainment,,No,Inferred from the previous PocketTube collection,No
Hoophoods,UCOjF5kUpde8PPJiD24ahW9A,https://www.youtube.com/channel/UCOjF5kUpde8PPJiD24ahW9A,Culture & Entertainment,,No,Inferred from the previous PocketTube collection,No
HowToBasic,UCR4s1DE9J4DHzZYXMltSMAg,https://www.youtube.com/channel/UCR4s1DE9J4DHzZYXMltSMAg,Culture & Entertainment,,No,Inferred from the previous PocketTube collection,No
Iraqveteran8888,UCWJHDMgKWWvOsdyRF3HPVEw,https://www.youtube.com/channel/UCWJHDMgKWWvOsdyRF3HPVEw,Culture & Entertainment,,No,Inferred from the previous PocketTube collection,No
JaidenAnimations,UCGwu0nbY2wSkW8N-cghnLpA,https://www.youtube.com/channel/UCGwu0nbY2wSkW8N-cghnLpA,Culture & Entertainment,Culture; Entertainment,Yes,Needs review: no reliable subject signal,Yes
JakeZeeman,UCz7hnf081bf3yqBZjSG-hbA,https://www.youtube.com/channel/UCz7hnf081bf3yqBZjSG-hbA,Culture & Entertainment,Culture; Entertainment,Yes,Inferred from the previous PocketTube collection,No
kader7️⃣MD Gaming,UCXUpS5kI7ztTeFW-5QLxxEw,https://www.youtube.com/channel/UCXUpS5kI7ztTeFW-5QLxxEw,Culture & Entertainment,,No,Inferred from the previous PocketTube collection,No
Kamal Harrasse,UCS3o8fUiVRturSZPp9AKIog,https://www.youtube.com/channel/UCS3o8fUiVRturSZPp9AKIog,Culture & Entertainment,,No,Inferred from the previous PocketTube collection,No
Karim selefanix / بائع متجول,UCNqIdSWIhet1PrQfRTbg5nA,https://www.youtube.com/channel/UCNqIdSWIhet1PrQfRTbg5nA,Culture & Entertainment,,No,Inferred from the previous PocketTube collection,No
Kentucky Ballistics,UCw_lQ_KhJBX4hAQ6rqbg0Bw,https://www.youtube.com/channel/UCw_lQ_KhJBX4hAQ6rqbg0Bw,Culture & Entertainment,,No,Inferred from the previous PocketTube collection,No
KSI,UCGmnsW623G1r-Chmo5RB4Yw,https://www.youtube.com/channel/UCGmnsW623G1r-Chmo5RB4Yw,Culture & Entertainment,Culture; Entertainment,Yes,Inferred from the previous PocketTube collection,No
Little King Goods,UCKSql-GFCO400w7xNFbYeug,https://www.youtube.com/channel/UCKSql-GFCO400w7xNFbYeug,Culture & Entertainment,,No,Inferred from the previous PocketTube collection,No
Logan Paul,UCG8rbF3g2AMX70yOd8vqIZg,https://www.youtube.com/channel/UCG8rbF3g2AMX70yOd8vqIZg,Culture & Entertainment,,No,Inferred from the previous PocketTube collection,No
Lrnjulie,UC8Oi0GUllFCc0mZrKVmErvg,https://www.youtube.com/channel/UC8Oi0GUllFCc0mZrKVmErvg,Culture & Entertainment,,No,Inferred from the previous PocketTube collection,No
M2M,UCGaI1w-E5Co4H7XvK0zGZdg,https://www.youtube.com/channel/UCGaI1w-E5Co4H7XvK0zGZdg,Culture & Entertainment,,No,Inferred from the previous PocketTube collection,No
Macro Room,UCBLBaTZqjr8-VEjXBnz7tOA,https://www.youtube.com/channel/UCBLBaTZqjr8-VEjXBnz7tOA,Culture & Entertainment,,No,Inferred from the previous PocketTube collection,No
MahmoudIsmailTV,UCdttmnJddGQZsXRL_DbqgWA,https://www.youtube.com/channel/UCdttmnJddGQZsXRL_DbqgWA,Culture & Entertainment,Culture; Entertainment; Cinema,Yes,Inferred from the previous PocketTube collection,No
Makari Espe,UCnEZmnSrGrALq2ji4RrJK3A,https://www.youtube.com/channel/UCnEZmnSrGrALq2ji4RrJK3A,Culture & Entertainment,,No,Inferred from the previous PocketTube collection,No
Mambah Fit,UCFqnvxz2f7J2cmTo_j0XMpA,https://www.youtube.com/channel/UCFqnvxz2f7J2cmTo_j0XMpA,Culture & Entertainment,,No,Inferred from the previous PocketTube collection,No
marta․stl,UCm1uXqSGF1PTn0K0qnjMDlg,https://www.youtube.com/channel/UCm1uXqSGF1PTn0K0qnjMDlg,Culture & Entertainment,Culture; Entertainment,Yes,Inferred from the previous PocketTube collection,No
Matt D'Avella,UCJ24N4O0bP7LGLBDvye7oCA,https://www.youtube.com/channel/UCJ24N4O0bP7LGLBDvye7oCA,Culture & Entertainment,,No,Inferred from the previous PocketTube collection,No
Meech The Preach,UC6XWQ6rXlNefjFYFDmBFBFQ,https://www.youtube.com/channel/UC6XWQ6rXlNefjFYFDmBFBFQ,Culture & Entertainment,,No,Inferred from the previous PocketTube collection,No
Mehdi Sri (Medtana | ميدتانا),UCDfaUfDk7R_GYUFaiLPsitw,https://www.youtube.com/channel/UCDfaUfDk7R_GYUFaiLPsitw,Culture & Entertainment,,No,Inferred from the previous PocketTube collection,No
Merphy Napier | Manga,UC7FW6FYqPLeQIXMSulBfOLw,https://www.youtube.com/channel/UC7FW6FYqPLeQIXMSulBfOLw,Culture & Entertainment,,No,Inferred from the previous PocketTube collection,No
MNEU,UCFeIp3R3jecepqy1iNJnc-g,https://www.youtube.com/channel/UCFeIp3R3jecepqy1iNJnc-g,Culture & Entertainment,,No,Inferred from the previous PocketTube collection,No
More GMHikaru,UC57kv9u2zRWk6n8sTrhgIUg,https://www.youtube.com/channel/UC57kv9u2zRWk6n8sTrhgIUg,Culture & Entertainment,,No,Inferred from the previous PocketTube collection,No
Mouad Guabrah,UC9x_-GP_8MFsW2svFMm_5Fg,https://www.youtube.com/channel/UC9x_-GP_8MFsW2svFMm_5Fg,Culture & Entertainment,,No,Inferred from the previous PocketTube collection,No
Neero Dz,UCc2R75uqI_EYf5l1AGdI8jg,https://www.youtube.com/channel/UCc2R75uqI_EYf5l1AGdI8jg,Culture & Entertainment,,No,Inferred from the previous PocketTube collection,No
New Media Academy Life,UCtJmfVv0a52Bu7BnJJtZXKw,https://www.youtube.com/channel/UCtJmfVv0a52Bu7BnJJtZXKw,Culture & Entertainment,Culture; Entertainment,Yes,Inferred from the previous PocketTube collection,No
Niko Omilana,UCdcUmdOxMrhRjKMw-BX19AA,https://www.youtube.com/channel/UCdcUmdOxMrhRjKMw-BX19AA,Culture & Entertainment,,No,Inferred from the previous PocketTube collection,No
nor gather into barns,UCCIBKjzmbETY_tYG_BowaLA,https://www.youtube.com/channel/UCCIBKjzmbETY_tYG_BowaLA,Culture & Entertainment,,No,Inferred from the previous PocketTube collection,No
Nores Show,UCpldWkDibxrIza99FBceRdA,https://www.youtube.com/channel/UCpldWkDibxrIza99FBceRdA,Culture & Entertainment,Culture; Entertainment,Yes,Inferred from the previous PocketTube collection,No
Othmane SAFSAFI,UCrbWBDmNrdtNU5eKr8RLFng,https://www.youtube.com/channel/UCrbWBDmNrdtNU5eKr8RLFng,Culture & Entertainment,,No,Inferred from the previous PocketTube collection,No
Outman Alex,UCvSDKFzKGiUx5b_ORVOkoCw,https://www.youtube.com/channel/UCvSDKFzKGiUx5b_ORVOkoCw,Culture & Entertainment,,No,Inferred from the previous PocketTube collection,No
OutmanAlexLIVE,UCXjB99EhJD0iMuOECiCb9RQ,https://www.youtube.com/channel/UCXjB99EhJD0iMuOECiCb9RQ,Culture & Entertainment,Culture; Entertainment; Morocco,Yes,Inferred from the previous PocketTube collection,No
Pokimane,UChXKjLEzAB1K7EZQey7Fm1Q,https://www.youtube.com/channel/UChXKjLEzAB1K7EZQey7Fm1Q,Culture & Entertainment,,No,Inferred from the previous PocketTube collection,No
Prince Ea,UCDgUAAHgsV2fFZQm2fIWBnA,https://www.youtube.com/channel/UCDgUAAHgsV2fFZQm2fIWBnA,Culture & Entertainment,,No,Inferred from the previous PocketTube collection,No
Rachid Biker,UCLh_eEa0JtFSrh6bO57btFQ,https://www.youtube.com/channel/UCLh_eEa0JtFSrh6bO57btFQ,Culture & Entertainment,,No,Inferred from the previous PocketTube collection,No
Ro Mooknee,UCash6vxr1eNi5r_JsihPD_g,https://www.youtube.com/channel/UCash6vxr1eNi5r_JsihPD_g,Culture & Entertainment,Culture; Entertainment,Yes,Needs review: no reliable subject signal,Yes
ROARING CLIPS,UCl7hi6P7k30BjDtslkPLLzA,https://www.youtube.com/channel/UCl7hi6P7k30BjDtslkPLLzA,Culture & Entertainment,,No,Inferred from the previous PocketTube collection,No
Russ James,UC5v5S5DxGx6ozyOL6aNK7IQ,https://www.youtube.com/channel/UC5v5S5DxGx6ozyOL6aNK7IQ,Culture & Entertainment,Culture; Entertainment,Yes,Needs review: no reliable subject signal,Yes
Sabry,UC-QtZBV4BXx1yobntL2yXWg,https://www.youtube.com/channel/UC-QtZBV4BXx1yobntL2yXWg,Culture & Entertainment,Culture; Entertainment,Yes,Inferred from the previous PocketTube collection,No
Saif Nasser,UCEhsRJ5BgAi63gLi_wMqSWQ,https://www.youtube.com/channel/UCEhsRJ5BgAi63gLi_wMqSWQ,Culture & Entertainment,,No,Inferred from the previous PocketTube collection,No
SALMA - ســلــمــى,UCLvmQONb3-z-trUlZZPTSFg,https://www.youtube.com/channel/UCLvmQONb3-z-trUlZZPTSFg,Culture & Entertainment,,No,Inferred from the previous PocketTube collection,No
Sema_s_kitchen,UCo7ST576v3qVaAC7OujPi8g,https://www.youtube.com/channel/UCo7ST576v3qVaAC7OujPi8g,Culture & Entertainment,,No,Inferred from the previous PocketTube collection,No
Simo Sedraty,UCWkmLEuhRrDGPzRFvEBC7dw,https://www.youtube.com/channel/UCWkmLEuhRrDGPzRFvEBC7dw,Culture & Entertainment,,No,Inferred from the previous PocketTube collection,No
Takkat Chess,UC47EVx9ZvfVWhM-y2RCxYzA,https://www.youtube.com/channel/UC47EVx9ZvfVWhM-y2RCxYzA,Culture & Entertainment,,No,Inferred from the previous PocketTube collection,No
Tamara,UCH_vUfYJhQzaKQcM8nzKmlw,https://www.youtube.com/channel/UCH_vUfYJhQzaKQcM8nzKmlw,Culture & Entertainment,,No,Inferred from the previous PocketTube collection,No
Tash Orange,UC7awr_gFCK3fOQz4btZxHMg,https://www.youtube.com/channel/UC7awr_gFCK3fOQz4btZxHMg,Culture & Entertainment,,No,Inferred from the previous PocketTube collection,No
Tedorate,UCZuonUdhlqwAwpXVMHiMibA,https://www.youtube.com/channel/UCZuonUdhlqwAwpXVMHiMibA,Culture & Entertainment,,No,Inferred from the previous PocketTube collection,No
TempoLion,UCDp1T299JQMrSfhXYYt7IlQ,https://www.youtube.com/channel/UCDp1T299JQMrSfhXYYt7IlQ,Culture & Entertainment,,No,Inferred from the previous PocketTube collection,No
The Comedy Store,UCWHZt1zsnWz3ksHg-YND7PQ,https://www.youtube.com/channel/UCWHZt1zsnWz3ksHg-YND7PQ,Culture & Entertainment,,No,Inferred from the previous PocketTube collection,No
The Minimal Mom,UCeLICYOqHfIrfSAQq1TT7PA,https://www.youtube.com/channel/UCeLICYOqHfIrfSAQq1TT7PA,Culture & Entertainment,,No,Inferred from the previous PocketTube collection,No
TheDooo,UCPKgIhTC3BdkAwMw6s-GEug,https://www.youtube.com/channel/UCPKgIhTC3BdkAwMw6s-GEug,Culture & Entertainment,,No,Inferred from the previous PocketTube collection,No
TéléCrayon,UCX2dIyMEQMWy3AQBlq1CYXQ,https://www.youtube.com/channel/UCX2dIyMEQMWy3AQBlq1CYXQ,Culture & Entertainment,,No,Inferred from the previous PocketTube collection,No
Unknown channel,UC0qw9m7rxmT_ajCwzPQwq3g,https://www.youtube.com/channel/UC0qw9m7rxmT_ajCwzPQwq3g,Culture & Entertainment,Culture; Entertainment,Yes,Needs review: channel metadata could not be resolved,Yes
VENOX,UCqVg24xqchLf2Py4v_Go0QA,https://www.youtube.com/channel/UCqVg24xqchLf2Py4v_Go0QA,Culture & Entertainment,,No,Inferred from the previous PocketTube collection,No
Vox,UCLXo7UDZvByw2ixzpQCufnA,https://www.youtube.com/channel/UCLXo7UDZvByw2ixzpQCufnA,Culture & Entertainment,,No,Inferred from the previous PocketTube collection,No
Walid Benla,UCPrqtvbwg3oLURqYPLmW0mA,https://www.youtube.com/channel/UCPrqtvbwg3oLURqYPLmW0mA,Culture & Entertainment,Culture; Entertainment,Yes,Inferred from the previous PocketTube collection,No
xxYjYxx,UCGp1spbGVT12xm-qfYhaWIw,https://www.youtube.com/channel/UCGp1spbGVT12xm-qfYhaWIw,Culture & Entertainment,,No,Inferred from the previous PocketTube collection,No
Youssef Lahbib,UCz3zjG_7IZ_qhnG9gNCs0Vw,https://www.youtube.com/channel/UCz3zjG_7IZ_qhnG9gNCs0Vw,Culture & Entertainment,,No,Inferred from the previous PocketTube collection,No
Yusuf Himself,UCQi6jyUew7zNpmp2utv5dHg,https://www.youtube.com/channel/UCQi6jyUew7zNpmp2utv5dHg,Culture & Entertainment,,No,Inferred from the previous PocketTube collection,No
Zach Star Himself,UC2O2xML7kL6Rbv3fjyi74xA,https://www.youtube.com/channel/UC2O2xML7kL6Rbv3fjyi74xA,Culture & Entertainment,,No,Inferred from the previous PocketTube collection,No
أسئلة نص الليل,UCYskjD6IuQJrxrW3I0EriZA,https://www.youtube.com/channel/UCYskjD6IuQJrxrW3I0EriZA,Culture & Entertainment,Culture; Entertainment,Yes,Inferred from the previous PocketTube collection,No
ابو مان,UC-3g9y4ktNFBgJEsn4oFGlQ,https://www.youtube.com/channel/UC-3g9y4ktNFBgJEsn4oFGlQ,Culture & Entertainment,Culture; Entertainment,Yes,Inferred from the previous PocketTube collection,No
توبز TOPZ,UC0fkyMAE7T3OFs7lnGCr33A,https://www.youtube.com/channel/UC0fkyMAE7T3OFs7lnGCr33A,Culture & Entertainment,,No,Inferred from the previous PocketTube collection,No
حكاية معماري - مع احمد علي,UCUw93IiWI_W9vx1jyDFYizQ,https://www.youtube.com/channel/UCUw93IiWI_W9vx1jyDFYizQ,Culture & Entertainment,,No,Inferred from the previous PocketTube collection,No
دروس أونلاين,UCEHvaZ336u7TIsUQ2c6SAeQ,https://www.youtube.com/channel/UCEHvaZ336u7TIsUQ2c6SAeQ,Culture & Entertainment,Culture; Entertainment,Yes,Inferred from the previous PocketTube collection,No
سيد SAYED I,UCBAy1yyCcsjmNtQZTUpeXjA,https://www.youtube.com/channel/UCBAy1yyCcsjmNtQZTUpeXjA,Culture & Entertainment,,No,Inferred from the previous PocketTube collection,No
صالح - oPiiLz,UCHVDgaiLbpj5Leazw8vsAmg,https://www.youtube.com/channel/UCHVDgaiLbpj5Leazw8vsAmg,Culture & Entertainment,,No,Inferred from the previous PocketTube collection,No
كاسباروف العرب,UCanxyqDto_uydIPxwIuoUtg,https://www.youtube.com/channel/UCanxyqDto_uydIPxwIuoUtg,Culture & Entertainment,,No,Inferred from the previous PocketTube collection,No
كش ملك الخطيب,UCudvZnZVRdR55d_Rjk1XnSQ,https://www.youtube.com/channel/UCudvZnZVRdR55d_Rjk1XnSQ,Culture & Entertainment,,No,Inferred from the previous PocketTube collection,No
محترفي البيس,UC5qCGEpKjAOZE6Vg4uYmS5A,https://www.youtube.com/channel/UC5qCGEpKjAOZE6Vg4uYmS5A,Culture & Entertainment,,No,Inferred from the previous PocketTube collection,No
محمد غنايم,UC8eFjAmIUnLKLnfJZFPz6QQ,https://www.youtube.com/channel/UC8eFjAmIUnLKLnfJZFPz6QQ,Culture & Entertainment,,No,Inferred from the previous PocketTube collection,No
هواة شطرنج,UC6Bpzt6Vl328bMJJ7LSq2Iw,https://www.youtube.com/channel/UC6Bpzt6Vl328bMJJ7LSq2Iw,Culture & Entertainment,,No,Inferred from the previous PocketTube collection,No
وصفات هندوشة Recettes Hindoucha,UCXp1-HAY6_5-NKASHw9lGrw,https://www.youtube.com/channel/UCXp1-HAY6_5-NKASHw9lGrw,Culture & Entertainment,,No,Inferred from the previous PocketTube collection,No
يوميات شاب مغربي africa bike,UCDfmSeahli9GtdCP_X8_dEQ,https://www.youtube.com/channel/UCDfmSeahli9GtdCP_X8_dEQ,Culture & Entertainment,,No,Inferred from the previous PocketTube collection,No
매일맛나 delicious day,UCFiYPUhUzLKoi-cZ0AwpjLA,https://www.youtube.com/channel/UCFiYPUhUzLKoi-cZ0AwpjLA,Culture & Entertainment,,No,Inferred from the previous PocketTube collection,No
사나고 Sanago,UCd4FmcWIVdWAy0-Q8OJBloQ,https://www.youtube.com/channel/UCd4FmcWIVdWAy0-Q8OJBloQ,Culture & Entertainment,,No,Inferred from the previous PocketTube collection,No
Abdullatif - عبداللطيف,UCgj93t1T5G6FiOQJMRSWtng,https://www.youtube.com/channel/UCgj93t1T5G6FiOQJMRSWtng,Documentary & History,History; Documentary; Geopolitics,Yes,"Inferred from channel name, recent video titles, and collection context",No
Absolute History,UCr5qeBG9g7bGtMGyHG2GzbQ,https://www.youtube.com/channel/UCr5qeBG9g7bGtMGyHG2GzbQ,Documentary & History,,No,"Inferred from channel name, recent video titles, and collection context",No
Ahmad Massad,UCadoKaQadkmNZg-MymcKWqg,https://www.youtube.com/channel/UCadoKaQadkmNZg-MymcKWqg,Documentary & History,History; Documentary,Yes,"Inferred from channel name, recent video titles, and collection context",No
AL HASHIM - حسن هاشم,UCN1Lyow-3R4jtN-cddDd_eQ,https://www.youtube.com/channel/UCN1Lyow-3R4jtN-cddDd_eQ,Documentary & History,,No,"Inferred from channel name, recent video titles, and collection context",No
Al Jazeera Documentary الجزيرة الوثائقية,UC0LSnqrwqtMwl2YwfUpO66g,https://www.youtube.com/channel/UC0LSnqrwqtMwl2YwfUpO66g,Documentary & History,,No,"Inferred from channel name, recent video titles, and collection context",No
Alex O'Connor,UC7kIy8fZavEni8Gzl8NLjOQ,https://www.youtube.com/channel/UC7kIy8fZavEni8Gzl8NLjOQ,Documentary & History,History; Documentary; Philosophy,Yes,"Inferred from channel name, recent video titles, and collection context",No
Ali El-Meshwady - علي المشوادي,UCy9ilwTu6eN_FOxSmfXcvng,https://www.youtube.com/channel/UCy9ilwTu6eN_FOxSmfXcvng,Documentary & History,History; Documentary; Geopolitics,Yes,"Inferred from channel name, recent video titles, and collection context",No
Author Documentaries,UCNiTj1phKBmEt3VGtLJSXdg,https://www.youtube.com/channel/UCNiTj1phKBmEt3VGtLJSXdg,Documentary & History,History; Documentary,Yes,"Inferred from channel name, recent video titles, and collection context",No
Ayah Choukri | HISTORY OF MOROCCO,UCVVdzPAG4KENF9WlOHle-bQ,https://www.youtube.com/channel/UCVVdzPAG4KENF9WlOHle-bQ,Documentary & History,History; Documentary; Morocco,Yes,"Inferred from channel name, recent video titles, and collection context",No
B.C History,UCQRKVbNINcC3JvNUl5Ucy9w,https://www.youtube.com/channel/UCQRKVbNINcC3JvNUl5Ucy9w,Documentary & History,History; Documentary; Geopolitics,Yes,"Inferred from channel name, recent video titles, and collection context",No
Badir Aziz,UCOj-5j0OBI-lCYg_uqOuncQ,https://www.youtube.com/channel/UCOj-5j0OBI-lCYg_uqOuncQ,Documentary & History,History; Documentary,Yes,"Inferred from channel name, recent video titles, and collection context",No
bagheera باغيرا,UCpWrJD0TNaVxwSy6_IWxbvA,https://www.youtube.com/channel/UCpWrJD0TNaVxwSy6_IWxbvA,Documentary & History,History; Documentary,Yes,"Inferred from channel name, recent video titles, and collection context",No
Biographia بيوغرافيا,UCeOTZDw4IOkDvQEs0yibNBQ,https://www.youtube.com/channel/UCeOTZDw4IOkDvQEs0yibNBQ,Documentary & History,History; Documentary; Morocco,Yes,"Inferred from channel name, recent video titles, and collection context",No
Derrad - دراد,UCII7AaRRsANtg3lXl-dDUJQ,https://www.youtube.com/channel/UCII7AaRRsANtg3lXl-dDUJQ,Documentary & History,,No,"Inferred from channel name, recent video titles, and collection context",No
DW Documentary,UCW39zufHfsuGgpLviKh297Q,https://www.youtube.com/channel/UCW39zufHfsuGgpLviKh297Q,Documentary & History,,No,"Inferred from channel name, recent video titles, and collection context",No
DW Documentary وثائقية دي دبليو,UCET6sWl4Xcu-U8Ka9PJPrwA,https://www.youtube.com/channel/UCET6sWl4Xcu-U8Ka9PJPrwA,Documentary & History,,No,"Inferred from channel name, recent video titles, and collection context",No
DZZ,UCp1yc5FhOrIsGPPQnBrN7dg,https://www.youtube.com/channel/UCp1yc5FhOrIsGPPQnBrN7dg,Documentary & History,,No,"Inferred from channel name, recent video titles, and collection context",No
Epimetheus,UCp9ZtilfKJds0iWytR_pnOQ,https://www.youtube.com/channel/UCp9ZtilfKJds0iWytR_pnOQ,Documentary & History,,No,"Inferred from channel name, recent video titles, and collection context",No
Fenster,UCLkEDgRYBjjSJCcFpsw1MnA,https://www.youtube.com/channel/UCLkEDgRYBjjSJCcFpsw1MnA,Documentary & History,History; Documentary; Morocco; Geopolitics,Yes,"Inferred from channel name, recent video titles, and collection context",No
Free Documentary - History,UCsgPO6cNV0wBG-Og3bUZoFA,https://www.youtube.com/channel/UCsgPO6cNV0wBG-Og3bUZoFA,Documentary & History,History; Documentary; Geopolitics,Yes,"Inferred from channel name, recent video titles, and collection context",No
Get.history,UCTRgu3iuyGXbhz5kYNjpObw,https://www.youtube.com/channel/UCTRgu3iuyGXbhz5kYNjpObw,Documentary & History,,No,"Inferred from channel name, recent video titles, and collection context",No
Historically,UCoZd78hRUdxxsuGiABuHF_A,https://www.youtube.com/channel/UCoZd78hRUdxxsuGiABuHF_A,Documentary & History,History; Documentary; Geopolitics,Yes,"Inferred from channel name, recent video titles, and collection context",No
History Calling,UCEzihyFf5hNSfq3UJzFoBUw,https://www.youtube.com/channel/UCEzihyFf5hNSfq3UJzFoBUw,Documentary & History,,No,"Inferred from channel name, recent video titles, and collection context",No
Kings and Things,UCWE7rlT-oO5DbnJOtxhX_KA,https://www.youtube.com/channel/UCWE7rlT-oO5DbnJOtxhX_KA,Documentary & History,History; Documentary,Yes,"Inferred from channel name, recent video titles, and collection context",No
marouane53,UC3TyojVupN-Q09L_-LEX54Q,https://www.youtube.com/channel/UC3TyojVupN-Q09L_-LEX54Q,Documentary & History,History; Documentary; Morocco,Yes,"Inferred from channel name, recent video titles, and collection context",No
Mohammad Youssef,UCL-gEr4JqnUuxGUPIAlh8_w,https://www.youtube.com/channel/UCL-gEr4JqnUuxGUPIAlh8_w,Documentary & History,History; Documentary,Yes,"Inferred from channel name, recent video titles, and collection context",No
naoufal chaara,UCto-ZD8IibckcCCGzS0nlMg,https://www.youtube.com/channel/UCto-ZD8IibckcCCGzS0nlMg,Documentary & History,History; Documentary; Morocco,Yes,"Inferred from channel name, recent video titles, and collection context",No
Pawn Stars,UCmyjVwYZbp5YPYTUyeopO2g,https://www.youtube.com/channel/UCmyjVwYZbp5YPYTUyeopO2g,Documentary & History,,No,"Inferred from channel name, recent video titles, and collection context",No
Ryan Chapman,UC6FO-Up1-oLj5nNivCNHL-Q,https://www.youtube.com/channel/UC6FO-Up1-oLj5nNivCNHL-Q,Documentary & History,History; Documentary; Geopolitics; Philosophy,Yes,"Inferred from channel name, recent video titles, and collection context",No
Selim Hamidi سليم حميدي,UCWw2aZP-gZpffyPD1EDJ0wA,https://www.youtube.com/channel/UCWw2aZP-gZpffyPD1EDJ0wA,Documentary & History,,No,"Inferred from channel name, recent video titles, and collection context",No
Sleepless Historian,UCy3Hgwj12x3fDQUcutNm2DA,https://www.youtube.com/channel/UCy3Hgwj12x3fDQUcutNm2DA,Documentary & History,,No,"Inferred from channel name, recent video titles, and collection context",No
Taha Essou,UCqUO3O-XAiM6vpC5qScVjww,https://www.youtube.com/channel/UCqUO3O-XAiM6vpC5qScVjww,Documentary & History,,No,"Inferred from channel name, recent video titles, and collection context",No
The Histocrat,UCSwFnHpDt-lZgR_7Sqisi6A,https://www.youtube.com/channel/UCSwFnHpDt-lZgR_7Sqisi6A,Documentary & History,History; Documentary; Geopolitics,Yes,"Inferred from channel name, recent video titles, and collection context",No
The Kandari Chronicles,UCxOULoJH_oMiHk6zZo4Nwew,https://www.youtube.com/channel/UCxOULoJH_oMiHk6zZo4Nwew,Documentary & History,History; Documentary; Morocco; Geopolitics,Yes,"Inferred from channel name, recent video titles, and collection context",No
Timeline - World History Documentaries,UC88lvyJe7aHZmcvzvubDFRg,https://www.youtube.com/channel/UC88lvyJe7aHZmcvzvubDFRg,Documentary & History,History; Documentary; Geopolitics; Philosophy,Yes,"Inferred from channel name, recent video titles, and collection context",No
WatchMojo.com,UCaWd5_7JhbQBe4dknZhsHJg,https://www.youtube.com/channel/UCaWd5_7JhbQBe4dknZhsHJg,Documentary & History,,No,"Inferred from channel name, recent video titles, and collection context",No
Wendigoon,UC3cpN6gcJQqcCM6mxRUo_dA,https://www.youtube.com/channel/UC3cpN6gcJQqcCM6mxRUo_dA,Documentary & History,History; Documentary,Yes,"Inferred from channel name, recent video titles, and collection context",No
YassParkourist,UClntQKze93C-0BZ6lkgnYhg,https://www.youtube.com/channel/UClntQKze93C-0BZ6lkgnYhg,Documentary & History,,No,"Inferred from channel name, recent video titles, and collection context",No
أمين العوني / Amine Aouni,UCjv6T8oa91ofNq2_u0yIBzQ,https://www.youtube.com/channel/UCjv6T8oa91ofNq2_u0yIBzQ,Documentary & History,,No,"Inferred from channel name, recent video titles, and collection context",No
السبيل al-sabeel,UCyvk_lo0codsbB8oWL6xUBA,https://www.youtube.com/channel/UCyvk_lo0codsbB8oWL6xUBA,Documentary & History,,No,"Inferred from channel name, recent video titles, and collection context",No
النجم استوديو,UCC7pDwUfXBv_HcH2ckTacNQ,https://www.youtube.com/channel/UCC7pDwUfXBv_HcH2ckTacNQ,Documentary & History,,No,"Inferred from channel name, recent video titles, and collection context",No
تاريخ و جغرافيا,UCS4g09DPtz7u_S1hTStWtlA,https://www.youtube.com/channel/UCS4g09DPtz7u_S1hTStWtlA,Documentary & History,,No,"Inferred from channel name, recent video titles, and collection context",No
تذكر و تفكر,UCWyH-S-1cAToFlN5AFTGQaA,https://www.youtube.com/channel/UCWyH-S-1cAToFlN5AFTGQaA,Documentary & History,,No,"Inferred from channel name, recent video titles, and collection context",No
سواعد الإخاء,UCp8jgoVFF1IlDFa58Kwc8Tw,https://www.youtube.com/channel/UCp8jgoVFF1IlDFa58Kwc8Tw,Documentary & History,,No,"Inferred from channel name, recent video titles, and collection context",No
سوس العالمة,UCF9hFrm1XclIOwk-JeVtcWQ,https://www.youtube.com/channel/UCF9hFrm1XclIOwk-JeVtcWQ,Documentary & History,History; Documentary,Yes,"Inferred from channel name, recent video titles, and collection context",No
صابر مشهور التاريخية,UCFYxcI3NcbZUKyjtsfgVSiA,https://www.youtube.com/channel/UCFYxcI3NcbZUKyjtsfgVSiA,Documentary & History,,No,"Inferred from channel name, recent video titles, and collection context",No
عبداللطيف +,UCIApkIE8VWz6a9uxBJ5u8wA,https://www.youtube.com/channel/UCIApkIE8VWz6a9uxBJ5u8wA,Documentary & History,History; Documentary,Yes,"Inferred from channel name, recent video titles, and collection context",No
قعدة تاريخ,UC1QV8Af65UMkQrDSPrBPc1Q,https://www.youtube.com/channel/UC1QV8Af65UMkQrDSPrBPc1Q,Documentary & History,,No,"Inferred from channel name, recent video titles, and collection context",No
معاد الرحالة,UC3Y-6bXVSUfxGi_EyJoadhQ,https://www.youtube.com/channel/UC3Y-6bXVSUfxGi_EyJoadhQ,Documentary & History,,No,"Inferred from channel name, recent video titles, and collection context",No
يمان history,UCUauaBIGBgiFwm1qC1jOjGw,https://www.youtube.com/channel/UCUauaBIGBgiFwm1qC1jOjGw,Documentary & History,,No,"Inferred from channel name, recent video titles, and collection context",No
‫تاريخستان (أرض التاريخ)‬‎,UC-4-KHSUKDlreMZ3oki2BLA,https://www.youtube.com/channel/UC-4-KHSUKDlreMZ3oki2BLA,Documentary & History,,No,"Inferred from channel name, recent video titles, and collection context",No
bacfacile,UCm13TDUuCw8DMRgYh_f2Akw,https://www.youtube.com/channel/UCm13TDUuCw8DMRgYh_f2Akw,Education & Study,,No,Inferred from the previous PocketTube collection,No
Abdallah Rakha عبد الله رخا,UCv2u1432CnTCiLtvSFRKYNw,https://www.youtube.com/channel/UCv2u1432CnTCiLtvSFRKYNw,Faith & Islamic Studies,,No,"Inferred from channel name, recent video titles, and collection context",No
abdullah rushdy-عبدالله رشدي,UCb5kp2EMETR2RCR1kT0c26g,https://www.youtube.com/channel/UCb5kp2EMETR2RCR1kT0c26g,Faith & Islamic Studies,,No,Inferred from the previous PocketTube collection,No
Abdur Raheem McCarthy,UCND51YWr41YLEQ543rYQRrg,https://www.youtube.com/channel/UCND51YWr41YLEQ543rYQRrg,Faith & Islamic Studies,,No,"Inferred from channel name, recent video titles, and collection context",No
Abu Taymiyyah,UCpgJmGV319I-qNm5x40viTQ,https://www.youtube.com/channel/UCpgJmGV319I-qNm5x40viTQ,Faith & Islamic Studies,,No,"Inferred from channel name, recent video titles, and collection context",No
Ahmed Amer,UCah56qawts736uNxZA3inLQ,https://www.youtube.com/channel/UCah56qawts736uNxZA3inLQ,Faith & Islamic Studies,,No,"Inferred from channel name, recent video titles, and collection context",No
Ahmed Elwaseila,UCJAh1yyImVnNgfyNR2i5HhA,https://www.youtube.com/channel/UCJAh1yyImVnNgfyNR2i5HhA,Faith & Islamic Studies,,No,"Inferred from channel name, recent video titles, and collection context",No
Ahmed Mansour - أحمد منصور,UCMYL1Lgjhi5yS4gCa6Rxwig,https://www.youtube.com/channel/UCMYL1Lgjhi5yS4gCa6Rxwig,Faith & Islamic Studies,,No,"Inferred from channel name, recent video titles, and collection context",No
AlfarouqChannel,UCOjL1BhmX7ePbLVurmrxiSg,https://www.youtube.com/channel/UCOjL1BhmX7ePbLVurmrxiSg,Faith & Islamic Studies,,No,"Inferred from channel name, recent video titles, and collection context",No
Ali Dawah,UCK9GD2WRxJxbDz9croru9UQ,https://www.youtube.com/channel/UCK9GD2WRxJxbDz9croru9UQ,Faith & Islamic Studies,,No,"Inferred from channel name, recent video titles, and collection context",No
DarcoranChannal,UC9zxr8S3-bjiXu0NRI3rcSQ,https://www.youtube.com/channel/UC9zxr8S3-bjiXu0NRI3rcSQ,Faith & Islamic Studies,,No,"Inferred from channel name, recent video titles, and collection context",No
Dr Zakir Naik,UC3YmP7nqf514I1zh1eVbzrA,https://www.youtube.com/channel/UC3YmP7nqf514I1zh1eVbzrA,Faith & Islamic Studies,,No,"Inferred from channel name, recent video titles, and collection context",No
Dr. Mohamed Talal LAHLOU - د. محمد طلال لحلو,UCcZKBgFsVmF5W06GQzfcz_g,https://www.youtube.com/channel/UCcZKBgFsVmF5W06GQzfcz_g,Faith & Islamic Studies,,No,"Inferred from channel name, recent video titles, and collection context",No
Hassan Alhabib,UCCF7bF8Yt8rdOGXllNeo-EQ,https://www.youtube.com/channel/UCCF7bF8Yt8rdOGXllNeo-EQ,Faith & Islamic Studies,Islam; Faith,Yes,"Inferred from channel name, recent video titles, and collection context",No
Hazem,UCMjFJSgEgVv9jfUxStYs9jw,https://www.youtube.com/channel/UCMjFJSgEgVv9jfUxStYs9jw,Faith & Islamic Studies,Islam; Faith,Yes,"Inferred from channel name, recent video titles, and collection context",No
Hicham Bouanani - هشام البوعناني,UCL207CDI2muQDQRrEclfe7g,https://www.youtube.com/channel/UCL207CDI2muQDQRrEclfe7g,Faith & Islamic Studies,,No,"Inferred from channel name, recent video titles, and collection context",No
Islam Abuauf,UCcG1yXxYV1_QaULKbrCfyPw,https://www.youtube.com/channel/UCcG1yXxYV1_QaULKbrCfyPw,Faith & Islamic Studies,,No,"Inferred from channel name, recent video titles, and collection context",No
Islam Amin,UCTdrZkCxhPAQZNHUr9BgcbQ,https://www.youtube.com/channel/UCTdrZkCxhPAQZNHUr9BgcbQ,Faith & Islamic Studies,,No,"Inferred from channel name, recent video titles, and collection context",No
Khaled Alnajjar | خالد النجار,UCek-h3GDuaoorsu2qyzWlxw,https://www.youtube.com/channel/UCek-h3GDuaoorsu2qyzWlxw,Faith & Islamic Studies,,No,"Inferred from channel name, recent video titles, and collection context",No
Know Islam إعرف الإسلام,UCUWEC3K-a6govOtYeuprS5g,https://www.youtube.com/channel/UCUWEC3K-a6govOtYeuprS5g,Faith & Islamic Studies,,No,"Inferred from channel name, recent video titles, and collection context",No
LOGICAL DAAWAH دعوة عقلانية,UCU9Y84i0fi0miB192IE2_sA,https://www.youtube.com/channel/UCU9Y84i0fi0miB192IE2_sA,Faith & Islamic Studies,,No,"Inferred from channel name, recent video titles, and collection context",No
Mohammad Elghaleez,UC87hmYpPnVdgmv4bvs0V-eg,https://www.youtube.com/channel/UC87hmYpPnVdgmv4bvs0V-eg,Faith & Islamic Studies,,No,"Inferred from channel name, recent video titles, and collection context",No
Mohammed Hijab,UCHDFNoOk8WOXtHo8DIc8efQ,https://www.youtube.com/channel/UCHDFNoOk8WOXtHo8DIc8efQ,Faith & Islamic Studies,,No,"Inferred from channel name, recent video titles, and collection context",No
Moor Rider,UC3RjgN2MsMx56PQpDm0JomA,https://www.youtube.com/channel/UC3RjgN2MsMx56PQpDm0JomA,Faith & Islamic Studies,,No,"Inferred from channel name, recent video titles, and collection context",No
Muslim Revert,UCKWs-9bZPIUkIErZar9dovw,https://www.youtube.com/channel/UCKWs-9bZPIUkIErZar9dovw,Faith & Islamic Studies,,No,"Inferred from channel name, recent video titles, and collection context",No
Muslim Speakers,UCX4kkW2kc-x_3EbbkxhZZLw,https://www.youtube.com/channel/UCX4kkW2kc-x_3EbbkxhZZLw,Faith & Islamic Studies,,No,"Inferred from channel name, recent video titles, and collection context",No
NaderAbouAnas Officiel,UCQqUq4qKL8u4-_vEOiz1pvg,https://www.youtube.com/channel/UCQqUq4qKL8u4-_vEOiz1pvg,Faith & Islamic Studies,,No,"Inferred from channel name, recent video titles, and collection context",No
Nouman Ali Khan - Official - Bayyinah,UCRtiU-lpcBSi-ipFKyfIkug,https://www.youtube.com/channel/UCRtiU-lpcBSi-ipFKyfIkug,Faith & Islamic Studies,,No,"Inferred from channel name, recent video titles, and collection context",No
Oases of Wisdom,UCR-vnjZ_MmhsecpMqXS3BEQ,https://www.youtube.com/channel/UCR-vnjZ_MmhsecpMqXS3BEQ,Faith & Islamic Studies,Islam; Faith; Philosophy,Yes,"Inferred from channel name, recent video titles, and collection context",No
Omar Al Odah,UClf0FRA77YdPHHLDDHv9bcw,https://www.youtube.com/channel/UClf0FRA77YdPHHLDDHv9bcw,Faith & Islamic Studies,,No,"Inferred from channel name, recent video titles, and collection context",No
OnePath Network,UCQHRLH8RQIrdGWMhf5heWiA,https://www.youtube.com/channel/UCQHRLH8RQIrdGWMhf5heWiA,Faith & Islamic Studies,Islam; Faith,Yes,"Inferred from channel name, recent video titles, and collection context",No
Reverted Muslims,UC8G7qtVoAyYn6fBne_lNbWg,https://www.youtube.com/channel/UC8G7qtVoAyYn6fBne_lNbWg,Faith & Islamic Studies,,No,"Inferred from channel name, recent video titles, and collection context",No
Saajid Lipham,UCLhx8lGeqezPRBtWT_41Nkg,https://www.youtube.com/channel/UCLhx8lGeqezPRBtWT_41Nkg,Faith & Islamic Studies,,No,"Inferred from channel name, recent video titles, and collection context",No
Scientist Imane | ساينتست إيمان,UCLkQHJq6cUVF3jBugyeUIOw,https://www.youtube.com/channel/UCLkQHJq6cUVF3jBugyeUIOw,Faith & Islamic Studies,,No,"Inferred from channel name, recent video titles, and collection context",No
Smile 2 Jannah,UCeccrNGLzk6d0M_vaomD3LQ,https://www.youtube.com/channel/UCeccrNGLzk6d0M_vaomD3LQ,Faith & Islamic Studies,,No,"Inferred from channel name, recent video titles, and collection context",No
soufyan iallouchen - سفيان إعلوشن,UCWSdkgiuqWthwS0K8Ope3EA,https://www.youtube.com/channel/UCWSdkgiuqWthwS0K8Ope3EA,Faith & Islamic Studies,,No,"Inferred from channel name, recent video titles, and collection context",No
TaherART عالم طاهر آرت,UC5RkBPuSzbyudZI0UA1B_Vw,https://www.youtube.com/channel/UC5RkBPuSzbyudZI0UA1B_Vw,Faith & Islamic Studies,,No,"Inferred from channel name, recent video titles, and collection context",No
Télé Maroc,UC6eBD5wxTbOdZbZSTlHKtVg,https://www.youtube.com/channel/UC6eBD5wxTbOdZbZSTlHKtVg,Faith & Islamic Studies,,No,"Inferred from channel name, recent video titles, and collection context",No
Unknown channel,UCduD22OSc9f98Fg4NuJHU3Q,https://www.youtube.com/channel/UCduD22OSc9f98Fg4NuJHU3Q,Faith & Islamic Studies,Islam; Faith,Yes,Needs review: channel metadata could not be resolved,Yes
Unknown channel,UCqF93nkibhEA1Sz8nZuqrVQ,https://www.youtube.com/channel/UCqF93nkibhEA1Sz8nZuqrVQ,Faith & Islamic Studies,,No,Needs review: channel metadata could not be resolved,Yes
YOUR-FITRA,UCVe9scgFCo97IEWj0I37Ozg,https://www.youtube.com/channel/UCVe9scgFCo97IEWj0I37Ozg,Faith & Islamic Studies,,No,"Inferred from channel name, recent video titles, and collection context",No
أحمد السيد,UC7AbKZa30XPMInZIsViiBOQ,https://www.youtube.com/channel/UC7AbKZa30XPMInZIsViiBOQ,Faith & Islamic Studies,,No,"Inferred from channel name, recent video titles, and collection context",No
أحمد الصابوني Ahmad Al-Sabouni,UCtwEec5B1N5sf_2QORREiGQ,https://www.youtube.com/channel/UCtwEec5B1N5sf_2QORREiGQ,Faith & Islamic Studies,,No,"Inferred from channel name, recent video titles, and collection context",No
أسطرميد Astormed,UCQby890pGu2016rGQQNXnxQ,https://www.youtube.com/channel/UCQby890pGu2016rGQQNXnxQ,Faith & Islamic Studies,,No,"Inferred from channel name, recent video titles, and collection context",No
أكاديمية البلدة الطيبة العلمية - علوم شرعية,UCoddfkVHlnQjajAAcr8UJ9A,https://www.youtube.com/channel/UCoddfkVHlnQjajAAcr8UJ9A,Faith & Islamic Studies,,No,"Inferred from channel name, recent video titles, and collection context",No
أنا إيجابي,UC1k-IXD5AVrcpwi4tvxUhOw,https://www.youtube.com/channel/UC1k-IXD5AVrcpwi4tvxUhOw,Faith & Islamic Studies,,No,"Inferred from channel name, recent video titles, and collection context",No
إحياء ehyaa,UCxzZVs2oY3mmE8fLJLLcZDg,https://www.youtube.com/channel/UCxzZVs2oY3mmE8fLJLLcZDg,Faith & Islamic Studies,,No,"Inferred from channel name, recent video titles, and collection context",No
الباش محفظ,UC9oxi9UmKsoIWCl4XEnxGmg,https://www.youtube.com/channel/UC9oxi9UmKsoIWCl4XEnxGmg,Faith & Islamic Studies,,No,"Inferred from channel name, recent video titles, and collection context",No
الداعية عبدالرحمن اللحياني,UCPwTVFNMKinEh0_XxT1Zrgg,https://www.youtube.com/channel/UCPwTVFNMKinEh0_XxT1Zrgg,Faith & Islamic Studies,,No,"Inferred from channel name, recent video titles, and collection context",No
الدكتور إياد قنيبي - القناة الرسمية,UCahYlNszeMy_PHffYvgAOHg,https://www.youtube.com/channel/UCahYlNszeMy_PHffYvgAOHg,Faith & Islamic Studies,,No,"Inferred from channel name, recent video titles, and collection context",No
الدكتور حامد الإدريسي,UCdCN9CSccAIJ3zw2IxaxTCg,https://www.youtube.com/channel/UCdCN9CSccAIJ3zw2IxaxTCg,Faith & Islamic Studies,,No,"Inferred from channel name, recent video titles, and collection context",No
الدكتور راغب السرجاني,UCCFclvIzI-oqdzQcJ-OOhEg,https://www.youtube.com/channel/UCCFclvIzI-oqdzQcJ-OOhEg,Faith & Islamic Studies,,No,"Inferred from channel name, recent video titles, and collection context",No
الدكتور فريد الأنصاري,UCDL_kqY8KD8gdqmgRV1q9oA,https://www.youtube.com/channel/UCDL_kqY8KD8gdqmgRV1q9oA,Faith & Islamic Studies,Islam; Faith,Yes,"Inferred from channel name, recent video titles, and collection context",No
الشيخ حسام الحمايدة,UCsQMPf6d7r0lQSBDdvstLKg,https://www.youtube.com/channel/UCsQMPf6d7r0lQSBDdvstLKg,Faith & Islamic Studies,,No,Inferred from the previous PocketTube collection,No
الغافري QQQ,UCeriWoRVWMHXBbo-FNG-0GQ,https://www.youtube.com/channel/UCeriWoRVWMHXBbo-FNG-0GQ,Faith & Islamic Studies,Islam; Faith,Yes,"Inferred from channel name, recent video titles, and collection context",No
القناة الرسمية لشبكة الطريق الى الله - way2allah,UCTWl6YfGbUj5C1ul10hcUOg,https://www.youtube.com/channel/UCTWl6YfGbUj5C1ul10hcUOg,Faith & Islamic Studies,,No,"Inferred from channel name, recent video titles, and collection context",No
القناة الرسمية لفضيلة الشيخ محمد متولي الشعراوي,UCijSEIUA72pyzSNOf_lx5ng,https://www.youtube.com/channel/UCijSEIUA72pyzSNOf_lx5ng,Faith & Islamic Studies,,No,"Inferred from channel name, recent video titles, and collection context",No
القناة الرسمية للأستاذ ياسين العمري,UCFQWoC4qoKjr3Dm7Ead969w,https://www.youtube.com/channel/UCFQWoC4qoKjr3Dm7Ead969w,Faith & Islamic Studies,,No,"Inferred from channel name, recent video titles, and collection context",No
القناة الرسمية للدكتور مصطفى محمود,UCG6tWYl5Zb490PkSAjE2iRg,https://www.youtube.com/channel/UCG6tWYl5Zb490PkSAjE2iRg,Faith & Islamic Studies,,No,"Inferred from channel name, recent video titles, and collection context",No
القناة الرسمية للشيخ عبد الحميد أبو النعيم,UC4d-X5rmYEXKyzYTd_Jyoaw,https://www.youtube.com/channel/UC4d-X5rmYEXKyzYTd_Jyoaw,Faith & Islamic Studies,,No,Inferred from the previous PocketTube collection,No
القَناةُ الرَّسمِيةُ للدكتور مُصطَفى الهِلالي,UC3yYQk6uzDeFy-zT61IUZ9w,https://www.youtube.com/channel/UC3yYQk6uzDeFy-zT61IUZ9w,Faith & Islamic Studies,,No,Inferred from the previous PocketTube collection,No
المواد الصوتية عبد الله بن فهد الخليفي,UC_KwLjBWENlAUnQxpBCd8TA,https://www.youtube.com/channel/UC_KwLjBWENlAUnQxpBCd8TA,Faith & Islamic Studies,,No,"Inferred from channel name, recent video titles, and collection context",No
باللغه العربيه SCDawah Arabic,UCycYlE5JlMGwgls3ZeFFHKg,https://www.youtube.com/channel/UCycYlE5JlMGwgls3ZeFFHKg,Faith & Islamic Studies,,No,"Inferred from channel name, recent video titles, and collection context",No
د. هيثم طلعت Dr. Haitham Talaat,UCLj8UFOcdFrvlh24Lw7jrgA,https://www.youtube.com/channel/UCLj8UFOcdFrvlh24Lw7jrgA,Faith & Islamic Studies,Islam; Faith,Yes,"Inferred from channel name, recent video titles, and collection context",No
دكتور ذاكر نايك مترجم,UCWZEG9O221KaXiWThBtMHQQ,https://www.youtube.com/channel/UCWZEG9O221KaXiWThBtMHQQ,Faith & Islamic Studies,,No,"Inferred from channel name, recent video titles, and collection context",No
سامح الجنداوي ( القناة الرسمية ),UClytYhL7vkTiiWcauy3fXKw,https://www.youtube.com/channel/UClytYhL7vkTiiWcauy3fXKw,Faith & Islamic Studies,,No,"Inferred from channel name, recent video titles, and collection context",No
شؤون إسلامية,UCvGF-1D4tphYPFI2HPITbHg,https://www.youtube.com/channel/UCvGF-1D4tphYPFI2HPITbHg,Faith & Islamic Studies,,No,"Inferred from channel name, recent video titles, and collection context",No
شريف علي,UC562PEzdpMULIOtinS79mzw,https://www.youtube.com/channel/UC562PEzdpMULIOtinS79mzw,Faith & Islamic Studies,Islam; Faith,Yes,Inferred from the previous PocketTube collection,No
شيخ العمود,UCq9ksdR_ZV8v4aiY_8vmJkg,https://www.youtube.com/channel/UCq9ksdR_ZV8v4aiY_8vmJkg,Faith & Islamic Studies,,No,"Inferred from channel name, recent video titles, and collection context",No
طمأنينة للقلب,UCjTysOaxnZ5cqRDsWxSp-hw,https://www.youtube.com/channel/UCjTysOaxnZ5cqRDsWxSp-hw,Faith & Islamic Studies,,No,Inferred from the previous PocketTube collection,No
عبد الله نهاري,UC86Jb9qHRu2s9OHTFwAS7ww,https://www.youtube.com/channel/UC86Jb9qHRu2s9OHTFwAS7ww,Faith & Islamic Studies,,No,"Inferred from channel name, recent video titles, and collection context",No
عبدالله العجيري,UC3m94fTQg5dVIyoLcWtw2Rg,https://www.youtube.com/channel/UC3m94fTQg5dVIyoLcWtw2Rg,Faith & Islamic Studies,Islam; Faith,Yes,"Inferred from channel name, recent video titles, and collection context",No
عفة لتعزيز الفضيلة,UCyV-MkQId1feh7ckp2bg81Q,https://www.youtube.com/channel/UCyV-MkQId1feh7ckp2bg81Q,Faith & Islamic Studies,,No,"Inferred from channel name, recent video titles, and collection context",No
عمر عبد الكافي,UCKUOmGXE9Ytlc2EzpGqimtw,https://www.youtube.com/channel/UCKUOmGXE9Ytlc2EzpGqimtw,Faith & Islamic Studies,,No,"Inferred from channel name, recent video titles, and collection context",No
فرائد - Faraeed,UCUhxhF9Gw345BpmAwvskohA,https://www.youtube.com/channel/UCUhxhF9Gw345BpmAwvskohA,Faith & Islamic Studies,Islam; Faith,Yes,"Inferred from channel name, recent video titles, and collection context",No
فريد الأنصاري,UC56KbmJAmeyD8ZVv04JSTSA,https://www.youtube.com/channel/UC56KbmJAmeyD8ZVv04JSTSA,Faith & Islamic Studies,,No,"Inferred from channel name, recent video titles, and collection context",No
فضيلة الشيخ محمد بن صالح العثيمين,UCFjzJYgxHjk44AFoEwwgPjg,https://www.youtube.com/channel/UCFjzJYgxHjk44AFoEwwgPjg,Faith & Islamic Studies,,No,"Inferred from channel name, recent video titles, and collection context",No
فقه النفس/ مكاني Makany,UC2hgUdruvEzm4-sxTWrP2zg,https://www.youtube.com/channel/UC2hgUdruvEzm4-sxTWrP2zg,Faith & Islamic Studies,,No,"Inferred from channel name, recent video titles, and collection context",No
فقِّه نفسك في المذهب المالكي,UCqQydZGI2Zpo069ylcZOqTQ,https://www.youtube.com/channel/UCqQydZGI2Zpo069ylcZOqTQ,Faith & Islamic Studies,,No,"Inferred from channel name, recent video titles, and collection context",No
قراء وعلماء المغرب الأقصى / Moroccan Quran reciters,UCcjFQDQ1g993Douu7RCK1OQ,https://www.youtube.com/channel/UCcjFQDQ1g993Douu7RCK1OQ,Faith & Islamic Studies,,No,"Inferred from channel name, recent video titles, and collection context",No
قصة الإسلام,UCByuJcxuwS0yK43sOAVaQsg,https://www.youtube.com/channel/UCByuJcxuwS0yK43sOAVaQsg,Faith & Islamic Studies,,No,"Inferred from channel name, recent video titles, and collection context",No
قناة اغتنم شبابك,UC9INmRW9c1_n2S97DfZrWSg,https://www.youtube.com/channel/UC9INmRW9c1_n2S97DfZrWSg,Faith & Islamic Studies,,No,"Inferred from channel name, recent video titles, and collection context",No
قناة الأنس Al ons TV,UCKd-PvwdwT3R0a5mPk1O0dg,https://www.youtube.com/channel/UCKd-PvwdwT3R0a5mPk1O0dg,Faith & Islamic Studies,,No,"Inferred from channel name, recent video titles, and collection context",No
قناة الأنصاري الدعوية,UC7KMlx81iFWKLdfdh3mzOpw,https://www.youtube.com/channel/UC7KMlx81iFWKLdfdh3mzOpw,Faith & Islamic Studies,,No,"Inferred from channel name, recent video titles, and collection context",No
قناة البينة لمقارنة الأديان والرد على الشبهات,UCh4tVr9X09Cq2o1u3JimzJQ,https://www.youtube.com/channel/UCh4tVr9X09Cq2o1u3JimzJQ,Faith & Islamic Studies,,No,"Inferred from channel name, recent video titles, and collection context",No
قناة الرد على الملحدين,UCMDyPiR2qzrh7DqVbvtiK9A,https://www.youtube.com/channel/UCMDyPiR2qzrh7DqVbvtiK9A,Faith & Islamic Studies,,No,Inferred from the previous PocketTube collection,No
قناة الشيخ البشير عصام المراكشي,UCPz0KVb8ddONxFqTSj-7CYA,https://www.youtube.com/channel/UCPz0KVb8ddONxFqTSj-7CYA,Faith & Islamic Studies,,No,"Inferred from channel name, recent video titles, and collection context",No
قناة الشيخ كشك,UCrZ3UtzbXNYVl4r2a0xJGxQ,https://www.youtube.com/channel/UCrZ3UtzbXNYVl4r2a0xJGxQ,Faith & Islamic Studies,,No,"Inferred from channel name, recent video titles, and collection context",No
قناة الشيخ محمد زحل,UCTDc1RLIHHNjN5WlHoZwXQg,https://www.youtube.com/channel/UCTDc1RLIHHNjN5WlHoZwXQg,Faith & Islamic Studies,,No,"Inferred from channel name, recent video titles, and collection context",No
قناة الشَّيخ سَعيد الكَمَلي,UCASAOTD6fMPEg8jmO4nPblQ,https://www.youtube.com/channel/UCASAOTD6fMPEg8jmO4nPblQ,Faith & Islamic Studies,,No,"Inferred from channel name, recent video titles, and collection context",No
قناة الفرقان,UCLU9-gFjUAEiO4HwpA-TCYA,https://www.youtube.com/channel/UCLU9-gFjUAEiO4HwpA-TCYA,Faith & Islamic Studies,,No,"Inferred from channel name, recent video titles, and collection context",No
قناة حسن الحسيني,UC-PTiHEZnsponbqlmRIxfpw,https://www.youtube.com/channel/UC-PTiHEZnsponbqlmRIxfpw,Faith & Islamic Studies,,No,"Inferred from channel name, recent video titles, and collection context",No
قناة د.حمزة الخالدي,UCBvBkVl6fsHs7zuqw1J0z0A,https://www.youtube.com/channel/UCBvBkVl6fsHs7zuqw1J0z0A,Faith & Islamic Studies,,No,"Inferred from channel name, recent video titles, and collection context",No
للحقيقة وجوه أخرى,UCR8T8Tidu8ZKRy_gjxsIC0g,https://www.youtube.com/channel/UCR8T8Tidu8ZKRy_gjxsIC0g,Faith & Islamic Studies,,No,"Inferred from channel name, recent video titles, and collection context",No
لو بطلنا نسأل ...؟,UCJkTv2R2IDznd-ugW3DiICA,https://www.youtube.com/channel/UCJkTv2R2IDznd-ugW3DiICA,Faith & Islamic Studies,,No,"Inferred from channel name, recent video titles, and collection context",No
مجتمع Mujtama,UCyWaBrXb9nxvM85P0hghwYg,https://www.youtube.com/channel/UCyWaBrXb9nxvM85P0hghwYg,Faith & Islamic Studies,,No,"Inferred from channel name, recent video titles, and collection context",No
محبي الدكتور مبروك زيد الخير,UC-4-3fh4IHFnd-s5hHabMiA,https://www.youtube.com/channel/UC-4-3fh4IHFnd-s5hHabMiA,Faith & Islamic Studies,,No,"Inferred from channel name, recent video titles, and collection context",No
محمد صالح المنجد,UCEtzpou7x4iq1r8PxSAcZxQ,https://www.youtube.com/channel/UCEtzpou7x4iq1r8PxSAcZxQ,Faith & Islamic Studies,,No,"Inferred from channel name, recent video titles, and collection context",No
مركز إرشاد للدراسات والتكوين,UCWvP9V37qxB7ah9NwU6qnUQ,https://www.youtube.com/channel/UCWvP9V37qxB7ah9NwU6qnUQ,Faith & Islamic Studies,,No,"Inferred from channel name, recent video titles, and collection context",No
مسلم- Muslim,UCtSZ1ruGYopivUhXGiiYB0Q,https://www.youtube.com/channel/UCtSZ1ruGYopivUhXGiiYB0Q,Faith & Islamic Studies,,No,"Inferred from channel name, recent video titles, and collection context",No
وعي,UC2qcjzOEX3lxE73cyroWdiw,https://www.youtube.com/channel/UC2qcjzOEX3lxE73cyroWdiw,Faith & Islamic Studies,,No,"Inferred from channel name, recent video titles, and collection context",No
يونس الخمليشي,UCpKobWhHn9QDmS9v30tYAvQ,https://www.youtube.com/channel/UCpKobWhHn9QDmS9v30tYAvQ,Faith & Islamic Studies,,No,"Inferred from channel name, recent video titles, and collection context",No
ANEX SENPAI,UCWkhP_z9_LmLCA-ni3Cjh_g,https://www.youtube.com/channel/UCWkhP_z9_LmLCA-ni3Cjh_g,Film & TV,,No,"Inferred from channel name, recent video titles, and collection context",No
Answer in Progress,UCqVEHtQoXHmUCfJ-9smpTSg,https://www.youtube.com/channel/UCqVEHtQoXHmUCfJ-9smpTSg,Film & TV,Film; TV; Cinema,Yes,"Inferred from channel name, recent video titles, and collection context",No
Art Lab,UC0IL9AYRr4CMC9j_3XNLVUQ,https://www.youtube.com/channel/UC0IL9AYRr4CMC9j_3XNLVUQ,Film & TV,,No,"Inferred from channel name, recent video titles, and collection context",No
David Zhang,UC1ELUfyiYnQQhtPWBS9Dmbg,https://www.youtube.com/channel/UC1ELUfyiYnQQhtPWBS9Dmbg,Film & TV,,No,"Inferred from channel name, recent video titles, and collection context",No
DiMA DRAMA MCN,UCIoffwJiLlPt_Pg9M8CQN_w,https://www.youtube.com/channel/UCIoffwJiLlPt_Pg9M8CQN_w,Film & TV,,No,"Inferred from channel name, recent video titles, and collection context",No
Easy Dc,UCx_mcjoZ4PgeKKapE6hv9MQ,https://www.youtube.com/channel/UCx_mcjoZ4PgeKKapE6hv9MQ,Film & TV,,No,"Inferred from channel name, recent video titles, and collection context",No
Elde Art,UCSNOJnhgk9M8voHYhg4k9UA,https://www.youtube.com/channel/UCSNOJnhgk9M8voHYhg4k9UA,Film & TV,,No,"Inferred from channel name, recent video titles, and collection context",No
Eli,UCnnRcYv8Op-bwgvPz6MOogw,https://www.youtube.com/channel/UCnnRcYv8Op-bwgvPz6MOogw,Film & TV,,No,"Inferred from channel name, recent video titles, and collection context",No
ERiiTO - اريتو,UCajl-KghH-LQBgA_X144aiw,https://www.youtube.com/channel/UCajl-KghH-LQBgA_X144aiw,Film & TV,,No,"Inferred from channel name, recent video titles, and collection context",No
evil9 | ايفل٩,UCKB1ztlBvodAHhqa7R1stqg,https://www.youtube.com/channel/UCKB1ztlBvodAHhqa7R1stqg,Film & TV,,No,"Inferred from channel name, recent video titles, and collection context",No
Film Collector Archive,UC7siDauJ2jtcIKiSyveG4mw,https://www.youtube.com/channel/UC7siDauJ2jtcIKiSyveG4mw,Film & TV,,No,"Inferred from channel name, recent video titles, and collection context",No
FluentU German,UC7ewdyLtsAhq18R3M5cNESw,https://www.youtube.com/channel/UC7ewdyLtsAhq18R3M5cNESw,Film & TV,,No,"Inferred from channel name, recent video titles, and collection context",No
Foxomar,UCgm-wtQ9F24snCx5hJLItKg,https://www.youtube.com/channel/UCgm-wtQ9F24snCx5hJLItKg,Film & TV,,No,"Inferred from channel name, recent video titles, and collection context",No
Home Video Hangouts,UCJmFjZ5aapqjjcmij6I_egw,https://www.youtube.com/channel/UCJmFjZ5aapqjjcmij6I_egw,Film & TV,,No,"Inferred from channel name, recent video titles, and collection context",No
Jaan AlBalushi,UCIemRuZJF1UfnEbN1t7d-Mw,https://www.youtube.com/channel/UCIemRuZJF1UfnEbN1t7d-Mw,Film & TV,,No,"Inferred from channel name, recent video titles, and collection context",No
Jakob Ross,UCmiCAwVmaSb3j5kwyIlhxYg,https://www.youtube.com/channel/UCmiCAwVmaSb3j5kwyIlhxYg,Film & TV,,No,"Inferred from channel name, recent video titles, and collection context",No
josh (with parentheses),UCqf0X7s2oubwgX1MvBqH7ZA,https://www.youtube.com/channel/UCqf0X7s2oubwgX1MvBqH7ZA,Film & TV,Film; TV; History; Cinema,Yes,"Inferred from channel name, recent video titles, and collection context",No
Just an Observation,UClBdHx9kIZ6LZMUg7lYzZ4A,https://www.youtube.com/channel/UClBdHx9kIZ6LZMUg7lYzZ4A,Film & TV,,No,"Inferred from channel name, recent video titles, and collection context",No
ksiyer,UC0_6wNsxx4KHiD8XWrbaJ7Q,https://www.youtube.com/channel/UC0_6wNsxx4KHiD8XWrbaJ7Q,Film & TV,,No,Inferred from the previous PocketTube collection,No
Learning about Movies,UC7ShaDvAGIibjycAK17R8eg,https://www.youtube.com/channel/UC7ShaDvAGIibjycAK17R8eg,Film & TV,,No,"Inferred from channel name, recent video titles, and collection context",No
Maher Mosly,UCTFudzu0dUatBTpkMtK_Z8w,https://www.youtube.com/channel/UCTFudzu0dUatBTpkMtK_Z8w,Film & TV,,No,Inferred from the previous PocketTube collection,No
Marvel Entertainment,UCvC4D8onUfXzvjTOM-dBfEA,https://www.youtube.com/channel/UCvC4D8onUfXzvjTOM-dBfEA,Film & TV,,No,"Inferred from channel name, recent video titles, and collection context",No
Matt Rittman,UCUK1Fz1o94JA1wI6I7yLT2Q,https://www.youtube.com/channel/UCUK1Fz1o94JA1wI6I7yLT2Q,Film & TV,,No,"Inferred from channel name, recent video titles, and collection context",No
Mohamed Khaled TV,UCG-jOennaZ8sE91HIZeXg7w,https://www.youtube.com/channel/UCG-jOennaZ8sE91HIZeXg7w,Film & TV,,No,"Inferred from channel name, recent video titles, and collection context",No
mostafa makram TV,UCRuf3R3TBHYcnnYIPvuwQmQ,https://www.youtube.com/channel/UCRuf3R3TBHYcnnYIPvuwQmQ,Film & TV,,No,"Inferred from channel name, recent video titles, and collection context",No
One Minute TV,UC5yyveBLS6xJCLcSTzziJ5w,https://www.youtube.com/channel/UC5yyveBLS6xJCLcSTzziJ5w,Film & TV,,No,"Inferred from channel name, recent video titles, and collection context",No
Oscarak,UCSEyZ3nZsYGDXpkn757Gfug,https://www.youtube.com/channel/UCSEyZ3nZsYGDXpkn757Gfug,Film & TV,,No,"Inferred from channel name, recent video titles, and collection context",No
Safi.lamb0,UCKPjVwT_3x1980u6O5sWVjQ,https://www.youtube.com/channel/UCKPjVwT_3x1980u6O5sWVjQ,Film & TV,,No,"Inferred from channel name, recent video titles, and collection context",No
Sony Jackson,UCPq8S7gPlJkdg3DxbIixixg,https://www.youtube.com/channel/UCPq8S7gPlJkdg3DxbIixixg,Film & TV,,No,"Inferred from channel name, recent video titles, and collection context",No
TV Norge,UCYM3pKj9tFQOXc2XcJmj8Vg,https://www.youtube.com/channel/UCYM3pKj9tFQOXc2XcJmj8Vg,Film & TV,,No,"Inferred from channel name, recent video titles, and collection context",No
Ultra Dragon,UCyUwgJI3x3wOT3-2srDM0nQ,https://www.youtube.com/channel/UCyUwgJI3x3wOT3-2srDM0nQ,Film & TV,,No,"Inferred from channel name, recent video titles, and collection context",No
Ultra Dragon Plus,UCLRQ1_ps4u6zf-cA1KsitCg,https://www.youtube.com/channel/UCLRQ1_ps4u6zf-cA1KsitCg,Film & TV,,No,"Inferred from channel name, recent video titles, and collection context",No
VodkaFunky TV,UCvxt_KdYQRbQJJr-VIr8mlQ,https://www.youtube.com/channel/UCvxt_KdYQRbQJJr-VIr8mlQ,Film & TV,,No,"Inferred from channel name, recent video titles, and collection context",No
Yair Sasson Art,UCMGw5u3Yqb6crAtxznj8kxw,https://www.youtube.com/channel/UCMGw5u3Yqb6crAtxznj8kxw,Film & TV,,No,"Inferred from channel name, recent video titles, and collection context",No
Youssef Halim,UCQ9azoLKt090h4ZSyUGHh-w,https://www.youtube.com/channel/UCQ9azoLKt090h4ZSyUGHh-w,Film & TV,,No,"Inferred from channel name, recent video titles, and collection context",No
Zakaria Dahabi,UCk5h6t5X4CDvlLFgo2-eJfA,https://www.youtube.com/channel/UCk5h6t5X4CDvlLFgo2-eJfA,Film & TV,,No,"Inferred from channel name, recent video titles, and collection context",No
الأخوين قدس,UCvAIjY994MvAGnqHl930IKQ,https://www.youtube.com/channel/UCvAIjY994MvAGnqHl930IKQ,Film & TV,Film; TV; History; Cinema,Yes,"Inferred from channel name, recent video titles, and collection context",No
ترافي Trafi I,UCm3aaptsHoYusCOfwiT0XpQ,https://www.youtube.com/channel/UCm3aaptsHoYusCOfwiT0XpQ,Film & TV,,No,"Inferred from channel name, recent video titles, and collection context",No
داني بوكس - Dany Box,UCjV8uYD9h62KAuVr2e1qcYQ,https://www.youtube.com/channel/UCjV8uYD9h62KAuVr2e1qcYQ,Film & TV,,No,"Inferred from channel name, recent video titles, and collection context",No
راكان الشايع | Rakan AlShaya,UCoIVJoJ9rjaLkosOcbXgaRg,https://www.youtube.com/channel/UCoIVJoJ9rjaLkosOcbXgaRg,Film & TV,,No,"Inferred from channel name, recent video titles, and collection context",No
عزيز الزامل,UCNbRRlsqd5DPKrSjQe2vbMA,https://www.youtube.com/channel/UCNbRRlsqd5DPKrSjQe2vbMA,Film & TV,,No,"Inferred from channel name, recent video titles, and collection context",No
عن السينما,UCKkye9ohYQ4Q7D2eD1wIjUQ,https://www.youtube.com/channel/UCKkye9ohYQ4Q7D2eD1wIjUQ,Film & TV,,No,"Inferred from channel name, recent video titles, and collection context",No
محمد الرماش,UCIh3gmJYPWmt1n9lHafCrVw,https://www.youtube.com/channel/UCIh3gmJYPWmt1n9lHafCrVw,Film & TV,Film; TV; Cinema,Yes,"Inferred from channel name, recent video titles, and collection context",No
من عنيا,UCyWHNjwSLMNGfaYKoCQd8kg,https://www.youtube.com/channel/UCyWHNjwSLMNGfaYKoCQd8kg,Film & TV,,No,"Inferred from channel name, recent video titles, and collection context",No
من غير مونتاج,UCNQ47xqc8U6diewfjBFH1_g,https://www.youtube.com/channel/UCNQ47xqc8U6diewfjBFH1_g,Film & TV,Film; TV; Cinema,Yes,"Inferred from channel name, recent video titles, and collection context",No
هورايزن انمي /Horizon anime,UCH4nAKgp-yY5wc8mgsVpsHw,https://www.youtube.com/channel/UCH4nAKgp-yY5wc8mgsVpsHw,Film & TV,,No,"Inferred from channel name, recent video titles, and collection context",No
Alaa English world,UCJU0w-2AKB-EVDSZxtzWXNw,https://www.youtube.com/channel/UCJU0w-2AKB-EVDSZxtzWXNw,Language Learning,,No,"Inferred from channel name, recent video titles, and collection context",No
Alexander Arguelles,UCRGtDF5VAywUVwgT51Ud6OQ,https://www.youtube.com/channel/UCRGtDF5VAywUVwgT51Ud6OQ,Language Learning,,No,"Inferred from channel name, recent video titles, and collection context",No
Ayoub Akil,UCPIKx7VvZ0gJoSgwrzdztGw,https://www.youtube.com/channel/UCPIKx7VvZ0gJoSgwrzdztGw,Language Learning,,No,"Inferred from channel name, recent video titles, and collection context",No
Benjamin - Der Deutschlehrer,UCeVQK7ZPXDOAyjY0NYqmX-Q,https://www.youtube.com/channel/UCeVQK7ZPXDOAyjY0NYqmX-Q,Language Learning,,No,Inferred from the previous PocketTube collection,No
CasiCreativo English,UCXWyDIBDOM_CjUpWfaC0kGA,https://www.youtube.com/channel/UCXWyDIBDOM_CjUpWfaC0kGA,Language Learning,,No,"Inferred from channel name, recent video titles, and collection context",No
Charles Villa,UCjfPQ8Zo9NhrBa0tinsSUrQ,https://www.youtube.com/channel/UCjfPQ8Zo9NhrBa0tinsSUrQ,Language Learning,Languages; Learning,Yes,"Inferred from channel name, recent video titles, and collection context",No
Cloud English,UCASYXKcPr9tYaz7Jf3ghuUg,https://www.youtube.com/channel/UCASYXKcPr9tYaz7Jf3ghuUg,Language Learning,Languages; Learning,Yes,"Inferred from channel name, recent video titles, and collection context",No
Corinna Languages,UC-iZhNROJtZUGKo8U3r7y2Q,https://www.youtube.com/channel/UC-iZhNROJtZUGKo8U3r7y2Q,Language Learning,,No,"Inferred from channel name, recent video titles, and collection context",No
Deutsch Lernen Mit Yassine,UCP1-VilXoVYVzOUbLnY-uNA,https://www.youtube.com/channel/UCP1-VilXoVYVzOUbLnY-uNA,Language Learning,,No,Inferred from the previous PocketTube collection,No
Deutsch mit Mira,UCyCYp86j4jxKKKahgdWyKkQ,https://www.youtube.com/channel/UCyCYp86j4jxKKKahgdWyKkQ,Language Learning,,No,"Inferred from channel name, recent video titles, and collection context",No
Dogen,UCSX0NhNdBA-ZnEFkYFzdw4A,https://www.youtube.com/channel/UCSX0NhNdBA-ZnEFkYFzdw4A,Language Learning,,No,"Inferred from channel name, recent video titles, and collection context",No
English For You,UCaUajKAl3cpGQ6KARpnz_3w,https://www.youtube.com/channel/UCaUajKAl3cpGQ6KARpnz_3w,Language Learning,,No,"Inferred from channel name, recent video titles, and collection context",No
English Language Academy,UC7HhSlh-QbL9626A_mM4DRg,https://www.youtube.com/channel/UC7HhSlh-QbL9626A_mM4DRg,Language Learning,,No,"Inferred from channel name, recent video titles, and collection context",No
ENGLISH with James · engVid,UCwA7Aepp7nRUJNa8roQ-6Bw,https://www.youtube.com/channel/UCwA7Aepp7nRUJNa8roQ-6Bw,Language Learning,,No,"Inferred from channel name, recent video titles, and collection context",No
eylülnim,UC-vCqzRZTdW8AMizdJc5I3w,https://www.youtube.com/channel/UC-vCqzRZTdW8AMizdJc5I3w,Language Learning,,No,"Inferred from channel name, recent video titles, and collection context",No
Français Authentique,UCQpM25U6iqaRSO-SZxd5oDw,https://www.youtube.com/channel/UCQpM25U6iqaRSO-SZxd5oDw,Language Learning,Languages; Learning,Yes,"Inferred from channel name, recent video titles, and collection context",No
Français avec Pierre,UCVgW9ZQaGBk6fsiPgE2mYDg,https://www.youtube.com/channel/UCVgW9ZQaGBk6fsiPgE2mYDg,Language Learning,,No,"Inferred from channel name, recent video titles, and collection context",No
germatoon,UCsYh_dwiEtqoXlcqfMoqsEg,https://www.youtube.com/channel/UCsYh_dwiEtqoXlcqfMoqsEg,Language Learning,,No,"Inferred from channel name, recent video titles, and collection context",No
Gigi Arabi,UCFVLTy6SqmEvcWonSP_L9ow,https://www.youtube.com/channel/UCFVLTy6SqmEvcWonSP_L9ow,Language Learning,,No,"Inferred from channel name, recent video titles, and collection context",No
innerFrench,UCI4xp8qHD1MDErkqxb1dPbA,https://www.youtube.com/channel/UCI4xp8qHD1MDErkqxb1dPbA,Language Learning,,No,"Inferred from channel name, recent video titles, and collection context",No
İclal,UC-u0_nuK-MHvuopkBOMiAWg,https://www.youtube.com/channel/UC-u0_nuK-MHvuopkBOMiAWg,Language Learning,,No,"Inferred from channel name, recent video titles, and collection context",No
L'instant Éclosion,UCTTptNpj6JDbRCAtA0eDFiw,https://www.youtube.com/channel/UCTTptNpj6JDbRCAtA0eDFiw,Language Learning,,No,Inferred from the previous PocketTube collection,No
Learn English with EnglishClass101.com,UCeTVoczn9NOZA9blls3YgUg,https://www.youtube.com/channel/UCeTVoczn9NOZA9blls3YgUg,Language Learning,,No,"Inferred from channel name, recent video titles, and collection context",No
Let's Practice English | تعلم اللغة الانجليزية,UCnuOcLg6PsX201LmC1pS2zg,https://www.youtube.com/channel/UCnuOcLg6PsX201LmC1pS2zg,Language Learning,,No,"Inferred from channel name, recent video titles, and collection context",No
linguamarina,UCAQg09FkoobmLquNNoO4ulg,https://www.youtube.com/channel/UCAQg09FkoobmLquNNoO4ulg,Language Learning,,No,"Inferred from channel name, recent video titles, and collection context",No
Master English أتقن الإنجليزية,UCLLwHs7jXwx34n-UYvDVERg,https://www.youtube.com/channel/UCLLwHs7jXwx34n-UYvDVERg,Language Learning,,No,"Inferred from channel name, recent video titles, and collection context",No
Max Yoko,UCc6RN6wpBR3AF0rBwsB5G7g,https://www.youtube.com/channel/UCc6RN6wpBR3AF0rBwsB5G7g,Language Learning,,No,Inferred from the previous PocketTube collection,No
NDL,UC9K44RtwiROAwCpALm1wdyQ,https://www.youtube.com/channel/UC9K44RtwiROAwCpALm1wdyQ,Language Learning,,No,"Inferred from channel name, recent video titles, and collection context",No
Parlez-vous FRENCH : Cours de français,UC5E3cis5nJyfuiU5_bzvIwg,https://www.youtube.com/channel/UC5E3cis5nJyfuiU5_bzvIwg,Language Learning,,No,"Inferred from channel name, recent video titles, and collection context",No
Shehata Deutsch الالمانية مع مستر شحاته,UCAUh5WfOqrTISTrdC3wq_sQ,https://www.youtube.com/channel/UCAUh5WfOqrTISTrdC3wq_sQ,Language Learning,,No,Inferred from the previous PocketTube collection,No
Steve Kaufmann - lingosteve,UCez-2shYlHQY3LfILBuDYqQ,https://www.youtube.com/channel/UCez-2shYlHQY3LfILBuDYqQ,Language Learning,,No,"Inferred from channel name, recent video titles, and collection context",No
What Now? with Trevor Noah,UChGkulntbV_b0FPYSLBXWNg,https://www.youtube.com/channel/UChGkulntbV_b0FPYSLBXWNg,Language Learning,,No,"Inferred from channel name, recent video titles, and collection context",No
Write to the Top,UCdJ_sF-R6PPqFgPNOjcwSxQ,https://www.youtube.com/channel/UCdJ_sF-R6PPqFgPNOjcwSxQ,Language Learning,,No,"Inferred from channel name, recent video titles, and collection context",No
دليلك للايلتس,UCDJhR5ozxY4EFGbpz140EJw,https://www.youtube.com/channel/UCDJhR5ozxY4EFGbpz140EJw,Language Learning,,No,"Inferred from channel name, recent video titles, and collection context",No
عمار السلامي,UC4A4fNfRCXJXYVbnE9yqkaQ,https://www.youtube.com/channel/UC4A4fNfRCXJXYVbnE9yqkaQ,Language Learning,,No,Inferred from the previous PocketTube collection,No
لغة الضاد,UCw7o0QsZ50PBWDJfMfLbHTA,https://www.youtube.com/channel/UCw7o0QsZ50PBWDJfMfLbHTA,Language Learning,,No,"Inferred from channel name, recent video titles, and collection context",No
Azumi Uchitani,UCW2GvfzBsu5D01uYBohrQ0Q,https://www.youtube.com/channel/UCW2GvfzBsu5D01uYBohrQ0Q,Lifestyle & Personal Growth,Lifestyle; Personal growth,Yes,"Inferred from channel name, recent video titles, and collection context",No
Bailey Schildbach,UCXEHlIvfdsgKnstJ8ZwIgLQ,https://www.youtube.com/channel/UCXEHlIvfdsgKnstJ8ZwIgLQ,Lifestyle & Personal Growth,Lifestyle; Personal growth,Yes,"Inferred from channel name, recent video titles, and collection context",No
Better Ideas,UCtUId5WFnN82GdDy7DgaQ7w,https://www.youtube.com/channel/UCtUId5WFnN82GdDy7DgaQ7w,Lifestyle & Personal Growth,,No,"Inferred from channel name, recent video titles, and collection context",No
Big Joe,UCJXmIrxcwD3qvoJZ1k0biMA,https://www.youtube.com/channel/UCJXmIrxcwD3qvoJZ1k0biMA,Lifestyle & Personal Growth,,No,"Inferred from channel name, recent video titles, and collection context",No
Carl Pullein,UCE_lTvaMHuco_Oh3-69LkCA,https://www.youtube.com/channel/UCE_lTvaMHuco_Oh3-69LkCA,Lifestyle & Personal Growth,Lifestyle; Personal growth,Yes,"Inferred from channel name, recent video titles, and collection context",No
Improvement.,UCDbrybcWs0rSiR0KqnMlntw,https://www.youtube.com/channel/UCDbrybcWs0rSiR0KqnMlntw,Lifestyle & Personal Growth,Lifestyle; Personal growth; Psychology,Yes,"Inferred from channel name, recent video titles, and collection context",No
Jess Farnham,UClDP7iyV0QMTu0k_2XS0C_g,https://www.youtube.com/channel/UClDP7iyV0QMTu0k_2XS0C_g,Lifestyle & Personal Growth,,No,"Inferred from channel name, recent video titles, and collection context",No
Katharina Kin,UCwU1xCSwBtrU8zjSsYqjfZg,https://www.youtube.com/channel/UCwU1xCSwBtrU8zjSsYqjfZg,Lifestyle & Personal Growth,Lifestyle; Personal growth,Yes,"Inferred from channel name, recent video titles, and collection context",No
Ottilie,UCAuEjBW8MgKN9DyCvjEPFew,https://www.youtube.com/channel/UCAuEjBW8MgKN9DyCvjEPFew,Lifestyle & Personal Growth,Lifestyle; Personal growth,Yes,"Inferred from channel name, recent video titles, and collection context",No
The Bushra / البشرى,UC1km4Ccjw_SNxzXh-LaqGdw,https://www.youtube.com/channel/UC1km4Ccjw_SNxzXh-LaqGdw,Lifestyle & Personal Growth,,No,"Inferred from channel name, recent video titles, and collection context",No
TheCottageFairy,UCKx5lHJ6Fr5mbT4TYVLh6ng,https://www.youtube.com/channel/UCKx5lHJ6Fr5mbT4TYVLh6ng,Lifestyle & Personal Growth,,No,"Inferred from channel name, recent video titles, and collection context",No
Thomas Frank,UCG-KntY7aVnIGXYEBQvmBAQ,https://www.youtube.com/channel/UCG-KntY7aVnIGXYEBQvmBAQ,Lifestyle & Personal Growth,,No,"Inferred from channel name, recent video titles, and collection context",No
Veronika Mark,UCJ2rcz01WV9kfLCZ7koy4kQ,https://www.youtube.com/channel/UCJ2rcz01WV9kfLCZ7koy4kQ,Lifestyle & Personal Growth,Lifestyle; Personal growth,Yes,"Inferred from channel name, recent video titles, and collection context",No
Zaynabe زينب,UCyNL2OgQn_EtlQoJrVlzojw,https://www.youtube.com/channel/UCyNL2OgQn_EtlQoJrVlzojw,Lifestyle & Personal Growth,,No,"Inferred from channel name, recent video titles, and collection context",No
#ABtalks,UCUgpEOv92-iovYJWZi7tT6A,https://www.youtube.com/channel/UCUgpEOv92-iovYJWZi7tT6A,Music,,No,"Inferred from channel name, recent video titles, and collection context",No
Abdel Halim Hafez - عبد الحليم حافظ,UClyQuhkEIYzujgAaR24ExZA,https://www.youtube.com/channel/UClyQuhkEIYzujgAaR24ExZA,Music,,No,"Inferred from channel name, recent video titles, and collection context",No
AIN Music,UCc_63iiI1Ut9JRP8RcSk1_Q,https://www.youtube.com/channel/UCc_63iiI1Ut9JRP8RcSk1_Q,Music,,No,"Inferred from channel name, recent video titles, and collection context",No
Arabic Guitar Click,UCw0EqCq39dglQGNvrDVNF7w,https://www.youtube.com/channel/UCw0EqCq39dglQGNvrDVNF7w,Music,,No,"Inferred from channel name, recent video titles, and collection context",No
aryy,UC7GcAjVTOBTxWbmsNJfxgQw,https://www.youtube.com/channel/UC7GcAjVTOBTxWbmsNJfxgQw,Music,,No,"Inferred from channel name, recent video titles, and collection context",No
bbno$,UCC8FSfSnbjiZ6vGr68ZLtzg,https://www.youtube.com/channel/UCC8FSfSnbjiZ6vGr68ZLtzg,Music,,No,Inferred from the previous PocketTube collection,No
BrxkenBxy,UCZvfeHd48RFWXF8goah5rug,https://www.youtube.com/channel/UCZvfeHd48RFWXF8goah5rug,Music,,No,"Inferred from channel name, recent video titles, and collection context",No
Cimorelli,UCTKDB3h5zMdf_2siDHsd_yw,https://www.youtube.com/channel/UCTKDB3h5zMdf_2siDHsd_yw,Music,,No,"Inferred from channel name, recent video titles, and collection context",No
Cj Nahas,UC3y3B8xa0Aip2RL9KvYeZAA,https://www.youtube.com/channel/UC3y3B8xa0Aip2RL9KvYeZAA,Music,,No,Inferred from the previous PocketTube collection,No
College Music,UCWzZ5TIGoZ6o-KtbGCyhnhg,https://www.youtube.com/channel/UCWzZ5TIGoZ6o-KtbGCyhnhg,Music,,No,"Inferred from channel name, recent video titles, and collection context",No
ConnieTalbotOfficial,UCrIgjZHLv9la2iR357RuYuA,https://www.youtube.com/channel/UCrIgjZHLv9la2iR357RuYuA,Music,,No,"Inferred from channel name, recent video titles, and collection context",No
Davie504,UCgFvT6pUq9HLOvKBYERzXSQ,https://www.youtube.com/channel/UCgFvT6pUq9HLOvKBYERzXSQ,Music,,No,"Inferred from channel name, recent video titles, and collection context",No
Digging The Greats,UCGSg3iQgRQ5M9CpluqkMAZg,https://www.youtube.com/channel/UCGSg3iQgRQ5M9CpluqkMAZg,Music,Music,Yes,"Inferred from channel name, recent video titles, and collection context",No
Dj MEDI,UCy-GmmrF85yPi05wMqOaeTw,https://www.youtube.com/channel/UCy-GmmrF85yPi05wMqOaeTw,Music,,No,"Inferred from channel name, recent video titles, and collection context",No
DON BIGG,UCh17-nOzhd1tE9bqztkCuqw,https://www.youtube.com/channel/UCh17-nOzhd1tE9bqztkCuqw,Music,,No,Inferred from the previous PocketTube collection,No
Dub Afrika,UCzEbN71R9cirELi3eqbAIlw,https://www.youtube.com/channel/UCzEbN71R9cirELi3eqbAIlw,Music,,No,"Inferred from channel name, recent video titles, and collection context",No
Elvis Presley,UCW6G95TBLCh5SdC-DHDSf5w,https://www.youtube.com/channel/UCW6G95TBLCh5SdC-DHDSf5w,Music,,No,Inferred from the previous PocketTube collection,No
Enji Maaroufi,UCGULBztaJhfSOdDPQnUKnzw,https://www.youtube.com/channel/UCGULBztaJhfSOdDPQnUKnzw,Music,,No,"Inferred from channel name, recent video titles, and collection context",No
Faia Younan فايا يونان,UCe7INGgFCz9thpm_TPpQlRQ,https://www.youtube.com/channel/UCe7INGgFCz9thpm_TPpQlRQ,Music,,No,Inferred from the previous PocketTube collection,No
Faouzia,UCLwbyg15zJgjtNL0EErkOPA,https://www.youtube.com/channel/UCLwbyg15zJgjtNL0EErkOPA,Music,Music,Yes,"Inferred from channel name, recent video titles, and collection context",No
First To Eleven,UCcE10s4MFy4eed7q7QkonZg,https://www.youtube.com/channel/UCcE10s4MFy4eed7q7QkonZg,Music,,No,Inferred from the previous PocketTube collection,No
Franek Golan,UCIswXbK46rJ7r6HjV1IbfqQ,https://www.youtube.com/channel/UCIswXbK46rJ7r6HjV1IbfqQ,Music,,No,Inferred from the previous PocketTube collection,No
Grunge,UCWlIGsKGsvgFJHkiZml4O1A,https://www.youtube.com/channel/UCWlIGsKGsvgFJHkiZml4O1A,Music,,No,"Inferred from channel name, recent video titles, and collection context",No
Habib Belk,UCw0BDb-qRJtrvl85mzrbCpw,https://www.youtube.com/channel/UCw0BDb-qRJtrvl85mzrbCpw,Music,,No,Inferred from the previous PocketTube collection,No
Halsey,UCOCgB3xd-B-1qAm-hR9OLrA,https://www.youtube.com/channel/UCOCgB3xd-B-1qAm-hR9OLrA,Music,,No,"Inferred from channel name, recent video titles, and collection context",No
Ines Ald,UCrNRneOCLZoDTZUOjcQEyHA,https://www.youtube.com/channel/UCrNRneOCLZoDTZUOjcQEyHA,Music,,No,"Inferred from channel name, recent video titles, and collection context",No
itachi JL,UCsCXHp_1g1rk_pXxtKZtmbw,https://www.youtube.com/channel/UCsCXHp_1g1rk_pXxtKZtmbw,Music,Music,Yes,Inferred from the previous PocketTube collection,No
johnnielawson,UC4UWbQ23IbWwU-XG7XIWxvQ,https://www.youtube.com/channel/UC4UWbQ23IbWwU-XG7XIWxvQ,Music,,No,Inferred from the previous PocketTube collection,No
Kinidi sm,UCr0IhLyHZQz38CCxxkzgBBA,https://www.youtube.com/channel/UCr0IhLyHZQz38CCxxkzgBBA,Music,Music,Yes,Inferred from the previous PocketTube collection,No
Krystine Bejjani,UCRty6tTwSTQvWTHxt4-2TCw,https://www.youtube.com/channel/UCRty6tTwSTQvWTHxt4-2TCw,Music,,No,Inferred from the previous PocketTube collection,No
KSI Music,UCVtFOytbRpEvzLjvqGG5gxQ,https://www.youtube.com/channel/UCVtFOytbRpEvzLjvqGG5gxQ,Music,,No,"Inferred from channel name, recent video titles, and collection context",No
L'indécis,UCIvNYW_WMsIGOFcbtgKUr_A,https://www.youtube.com/channel/UCIvNYW_WMsIGOFcbtgKUr_A,Music,,No,"Inferred from channel name, recent video titles, and collection context",No
l'Morphine,UCrxhKhYl9OTW_ARPvmqvnXQ,https://www.youtube.com/channel/UCrxhKhYl9OTW_ARPvmqvnXQ,Music,Music,Yes,"Inferred from channel name, recent video titles, and collection context",No
La Voce Della Magana,UCiW9lYgN89MJzNzObpFP9ew,https://www.youtube.com/channel/UCiW9lYgN89MJzNzObpFP9ew,Music,,No,Inferred from the previous PocketTube collection,No
Laura Tesoro,UCw_Wib5WdLmU94RRPtusBBw,https://www.youtube.com/channel/UCw_Wib5WdLmU94RRPtusBBw,Music,,No,"Inferred from channel name, recent video titles, and collection context",No
Led Zeppelin,UCaKZA66vM_TUpetUNohmR0A,https://www.youtube.com/channel/UCaKZA66vM_TUpetUNohmR0A,Music,,No,"Inferred from channel name, recent video titles, and collection context",No
Lofi Girl,UCSJ4gkVC6NrvII8umztf0Ow,https://www.youtube.com/channel/UCSJ4gkVC6NrvII8umztf0Ow,Music,,No,"Inferred from channel name, recent video titles, and collection context",No
Luciana Zogbi,UCiqYk_Cf3HemKkzKHkuFZvg,https://www.youtube.com/channel/UCiqYk_Cf3HemKkzKHkuFZvg,Music,,No,"Inferred from channel name, recent video titles, and collection context",No
Mac Lethal,UCn-IoDEPIR8ujknPMLZOyBw,https://www.youtube.com/channel/UCn-IoDEPIR8ujknPMLZOyBw,Music,,No,"Inferred from channel name, recent video titles, and collection context",No
Maryam Shehab,UCCUmulS3-44XVJKZHsYMgbA,https://www.youtube.com/channel/UCCUmulS3-44XVJKZHsYMgbA,Music,,No,"Inferred from channel name, recent video titles, and collection context",No
Medio Loco,UCXcllvLfXAsk4EgDzKitGNQ,https://www.youtube.com/channel/UCXcllvLfXAsk4EgDzKitGNQ,Music,,No,Inferred from the previous PocketTube collection,No
Melissa Ni hAgain,UCCGdTqggennuBl3cy5YYMMQ,https://www.youtube.com/channel/UCCGdTqggennuBl3cy5YYMMQ,Music,,No,Inferred from the previous PocketTube collection,No
micheal kamal,UC0aIjHHjucHzDj_rG1Uy9ww,https://www.youtube.com/channel/UC0aIjHHjucHzDj_rG1Uy9ww,Music,,No,"Inferred from channel name, recent video titles, and collection context",No
mohamed lmssmoudi,UCl6YhlPDAKhpca3xzJb-Nkw,https://www.youtube.com/channel/UCl6YhlPDAKhpca3xzJb-Nkw,Music,,No,"Inferred from channel name, recent video titles, and collection context",No
music speed up & slowed 🎵,UCXZRT_N5jjxAzRypXD2Ue0w,https://www.youtube.com/channel/UCXZRT_N5jjxAzRypXD2Ue0w,Music,,No,"Inferred from channel name, recent video titles, and collection context",No
Nabyla MAAN,UC5aee8lDoRe1IDh0o0zHwCQ,https://www.youtube.com/channel/UC5aee8lDoRe1IDh0o0zHwCQ,Music,,No,Inferred from the previous PocketTube collection,No
Nahide Babashli,UCQvn3XEDTvv0FEEF0wH4e9Q,https://www.youtube.com/channel/UCQvn3XEDTvv0FEEF0wH4e9Q,Music,,No,Inferred from the previous PocketTube collection,No
Nass El Ghiwane | ناس الغيوان,UCvViUqeq3LbbYwcEMPi_43w,https://www.youtube.com/channel/UCvViUqeq3LbbYwcEMPi_43w,Music,,No,"Inferred from channel name, recent video titles, and collection context",No
nawal rhazi نوال غازي,UCQDKZ7HmlfT1K9SGbkj6MwA,https://www.youtube.com/channel/UCQDKZ7HmlfT1K9SGbkj6MwA,Music,,No,"Inferred from channel name, recent video titles, and collection context",No
NEFFEX,UCBefBxNTPoNCQBU_Lta6Nvg,https://www.youtube.com/channel/UCBefBxNTPoNCQBU_Lta6Nvg,Music,,No,"Inferred from channel name, recent video titles, and collection context",No
Ninetofive®,UCsfm9R8BxtUtmtmZ8mZ3HzQ,https://www.youtube.com/channel/UCsfm9R8BxtUtmtmZ8mZ3HzQ,Music,,No,Inferred from the previous PocketTube collection,No
Noel Kharman,UCO_qv5faVlp8dq9hQ82qHUQ,https://www.youtube.com/channel/UCO_qv5faVlp8dq9hQ82qHUQ,Music,,No,"Inferred from channel name, recent video titles, and collection context",No
Olivia Foa'i,UC0uwyQrwC5N0kpb2uX8Iyzw,https://www.youtube.com/channel/UC0uwyQrwC5N0kpb2uX8Iyzw,Music,,No,"Inferred from channel name, recent video titles, and collection context",No
palmtherapysounds.com,UCJzLU9cVzVSkpkATGJu2nOg,https://www.youtube.com/channel/UCJzLU9cVzVSkpkATGJu2nOg,Music,,No,Inferred from the previous PocketTube collection,No
PAUSE,UCsna17teZBaQNCjd9pOD1vQ,https://www.youtube.com/channel/UCsna17teZBaQNCjd9pOD1vQ,Music,,No,"Inferred from channel name, recent video titles, and collection context",No
Quatrehuit,UCaSMHu_i7JOMzufurkcYwWA,https://www.youtube.com/channel/UCaSMHu_i7JOMzufurkcYwWA,Music,,No,Inferred from the previous PocketTube collection,No
RED TAPE,UC8GQR4gIx3-BgxgZfjjAm0g,https://www.youtube.com/channel/UC8GQR4gIx3-BgxgZfjjAm0g,Music,,No,"Inferred from channel name, recent video titles, and collection context",No
Rob Landes,UCKnBNM0_8P87KomLAAqVxNw,https://www.youtube.com/channel/UCKnBNM0_8P87KomLAAqVxNw,Music,,No,"Inferred from channel name, recent video titles, and collection context",No
Sarah Mazigh,UCKX4IoEoqngG3YB3N64O-VQ,https://www.youtube.com/channel/UCKX4IoEoqngG3YB3N64O-VQ,Music,,No,"Inferred from channel name, recent video titles, and collection context",No
Sawt El Noujoum - صوت النجوم,UCYVYTUoC9_BV8uDFLbEIVVA,https://www.youtube.com/channel/UCYVYTUoC9_BV8uDFLbEIVVA,Music,,No,Inferred from the previous PocketTube collection,No
Sheikh Imam - Topic,UCvTIamgsqcJc69uyDcfWiIw,https://www.youtube.com/channel/UCvTIamgsqcJc69uyDcfWiIw,Music,,No,Inferred from the previous PocketTube collection,No
Sia,UCN9HPn2fq-NL8M5_kp4RWZQ,https://www.youtube.com/channel/UCN9HPn2fq-NL8M5_kp4RWZQ,Music,,No,Inferred from the previous PocketTube collection,No
Soulful Sounds,UCYXzyvyTDhaFwdtZxL5ChFA,https://www.youtube.com/channel/UCYXzyvyTDhaFwdtZxL5ChFA,Music,,No,"Inferred from channel name, recent video titles, and collection context",No
STEEZYASFUCK,UCsIg9WMfxjZZvwROleiVsQg,https://www.youtube.com/channel/UCsIg9WMfxjZZvwROleiVsQg,Music,,No,Inferred from the previous PocketTube collection,No
Stereofox,UCca7fXARb_MQwdl0P1XiTuA,https://www.youtube.com/channel/UCca7fXARb_MQwdl0P1XiTuA,Music,,No,"Inferred from channel name, recent video titles, and collection context",No
TILILA,UC46zdOn6ZRKhhFyGXoKYvNA,https://www.youtube.com/channel/UC46zdOn6ZRKhhFyGXoKYvNA,Music,,No,"Inferred from channel name, recent video titles, and collection context",No
Tinariwen,UCZ3wH-v5zOcq4ZZWI58TGKA,https://www.youtube.com/channel/UCZ3wH-v5zOcq4ZZWI58TGKA,Music,,No,"Inferred from channel name, recent video titles, and collection context",No
TOP REMIX,UC_sJbr3TxlJN6E-Dq9KPBvA,https://www.youtube.com/channel/UC_sJbr3TxlJN6E-Dq9KPBvA,Music,,No,"Inferred from channel name, recent video titles, and collection context",No
Travis Scott,UCtxdfwb9wfkoGocVUAJ-Bmg,https://www.youtube.com/channel/UCtxdfwb9wfkoGocVUAJ-Bmg,Music,,No,"Inferred from channel name, recent video titles, and collection context",No
Trio Mandili,UC7ucvC0OrD2BQUmEec5NJeg,https://www.youtube.com/channel/UC7ucvC0OrD2BQUmEec5NJeg,Music,,No,"Inferred from channel name, recent video titles, and collection context",No
ULTRAS REDMEN,UCZThm7oX7xJchtsfcI8FCcA,https://www.youtube.com/channel/UCZThm7oX7xJchtsfcI8FCcA,Music,Music,Yes,"Inferred from channel name, recent video titles, and collection context",No
UMMENAVEVO,UC6ewjSBoSuA5CYnqB5sWf2g,https://www.youtube.com/channel/UC6ewjSBoSuA5CYnqB5sWf2g,Music,,No,Inferred from the previous PocketTube collection,No
Unknown channel,UCUz6CXO5XIYD_7wmlK8mZsA,https://www.youtube.com/channel/UCUz6CXO5XIYD_7wmlK8mZsA,Music,,No,Needs review: channel metadata could not be resolved,Yes
Wael Nasr,UCilfgAWbmtyofQxbdRTbPGA,https://www.youtube.com/channel/UCilfgAWbmtyofQxbdRTbPGA,Music,,No,Inferred from the previous PocketTube collection,No
Yanni,UCb5P0iSygqwPZF7zBxMdi4w,https://www.youtube.com/channel/UCb5P0iSygqwPZF7zBxMdi4w,Music,,No,Inferred from the previous PocketTube collection,No
Yuni Marimba 유니 마림바,UCqdpJERE1l0J-mSIYsrDUmw,https://www.youtube.com/channel/UCqdpJERE1l0J-mSIYsrDUmw,Music,,No,"Inferred from channel name, recent video titles, and collection context",No
Zara Larsson,UCjNRJBlxvvS0UXAT2Ack-QQ,https://www.youtube.com/channel/UCjNRJBlxvvS0UXAT2Ack-QQ,Music,,No,Inferred from the previous PocketTube collection,No
zeldaxlove64 Christina Grimmie,UCUudDyi0JiVmSxarvU98YYQ,https://www.youtube.com/channel/UCUudDyi0JiVmSxarvU98YYQ,Music,,No,"Inferred from channel name, recent video titles, and collection context",No
أرض الموسيقى العربية,UCzMGFt-3T3H-XbBF-eQ1jCg,https://www.youtube.com/channel/UCzMGFt-3T3H-XbBF-eQ1jCg,Music,,No,"Inferred from channel name, recent video titles, and collection context",No
مليكة الادرسي,UCIE_mjCAzrhM9To1e6aTHiQ,https://www.youtube.com/channel/UCIE_mjCAzrhM9To1e6aTHiQ,Music,,No,Inferred from the previous PocketTube collection,No
‎DALÌ,UCcEFU5on5fxwN0-AfX_SuqA,https://www.youtube.com/channel/UCcEFU5on5fxwN0-AfX_SuqA,Music,,No,Inferred from the previous PocketTube collection,No
삼봉뮤직 Sambong Music,UCkmRmkVpLaHXpQRx4k3cZyA,https://www.youtube.com/channel/UCkmRmkVpLaHXpQRx4k3cZyA,Music,,No,"Inferred from channel name, recent video titles, and collection context",No
Abdelouahab Bakkali الدكتور عبد الوهاب البقالي,UCCNvGYtcpC5Neh2eu7daa9g,https://www.youtube.com/channel/UCCNvGYtcpC5Neh2eu7daa9g,News & Geopolitics,,No,"Inferred from channel name, recent video titles, and collection context",No
AJ+ عربي,UCnVGseMUtv2yFNC-dQ2JdSw,https://www.youtube.com/channel/UCnVGseMUtv2yFNC-dQ2JdSw,News & Geopolitics,,No,"Inferred from channel name, recent video titles, and collection context",No
AJ+ كبريت,UC-4KnPMmZzwAzW7SbVATUZQ,https://www.youtube.com/channel/UC-4KnPMmZzwAzW7SbVATUZQ,News & Geopolitics,,No,"Inferred from channel name, recent video titles, and collection context",No
AJ360 - الجزيرة 360,UCWxc7ue-jGlL5ypOHX_i0Bg,https://www.youtube.com/channel/UCWxc7ue-jGlL5ypOHX_i0Bg,News & Geopolitics,,No,"Inferred from channel name, recent video titles, and collection context",No
Al Jazeera English,UCNye-wNBqNL5ZzHSJj3l8Bg,https://www.youtube.com/channel/UCNye-wNBqNL5ZzHSJj3l8Bg,News & Geopolitics,,No,"Inferred from channel name, recent video titles, and collection context",No
Al Mashhad المشهد,UCWnBTuzUUDpKhJPGuDQMynA,https://www.youtube.com/channel/UCWnBTuzUUDpKhJPGuDQMynA,News & Geopolitics,,No,"Inferred from channel name, recent video titles, and collection context",No
AlJazeera Arabic قناة الجزيرة,UCfiwzLy-8yKzIbsmZTzxDgw,https://www.youtube.com/channel/UCfiwzLy-8yKzIbsmZTzxDgw,News & Geopolitics,,No,"Inferred from channel name, recent video titles, and collection context",No
Anas Fetoui | أنس فتوي,UCkEIDqytdQJfpqoeA8_plxA,https://www.youtube.com/channel/UCkEIDqytdQJfpqoeA8_plxA,News & Geopolitics,,No,"Inferred from channel name, recent video titles, and collection context",No
Arabic income,UCM6LlJ25we5soudMl0QH20g,https://www.youtube.com/channel/UCM6LlJ25we5soudMl0QH20g,News & Geopolitics,,No,"Inferred from channel name, recent video titles, and collection context",No
BBC News عربي,UCelk6aHijZq-GJBBB9YpReA,https://www.youtube.com/channel/UCelk6aHijZq-GJBBB9YpReA,News & Geopolitics,,No,"Inferred from channel name, recent video titles, and collection context",No
Bibrine Hassan,UCo3EUHpjJHUTa1vHViRWL2w,https://www.youtube.com/channel/UCo3EUHpjJHUTa1vHViRWL2w,News & Geopolitics,News; Geopolitics; Morocco,Yes,"Inferred from channel name, recent video titles, and collection context",No
Biker's Brotherhood,UCG7EQS3sRgToRaueQq7lryg,https://www.youtube.com/channel/UCG7EQS3sRgToRaueQq7lryg,News & Geopolitics,News; Geopolitics; Morocco,Yes,"Inferred from channel name, recent video titles, and collection context",No
Biker8,UC2QnxK4mr99j0ur87Ar_wLA,https://www.youtube.com/channel/UC2QnxK4mr99j0ur87Ar_wLA,News & Geopolitics,,No,"Inferred from channel name, recent video titles, and collection context",No
Brett Cooper,UCdFcGPb4xQ6X4QOoRU6ROYw,https://www.youtube.com/channel/UCdFcGPb4xQ6X4QOoRU6ROYw,News & Geopolitics,News; Geopolitics,Yes,"Inferred from channel name, recent video titles, and collection context",No
Chata mata,UCvJ6b1S8t67WtVqTa9BnYeQ,https://www.youtube.com/channel/UCvJ6b1S8t67WtVqTa9BnYeQ,News & Geopolitics,,No,"Inferred from channel name, recent video titles, and collection context",No
D7MAS,UCKWBejwDGdBZrdGlo8iBf-w,https://www.youtube.com/channel/UCKWBejwDGdBZrdGlo8iBf-w,News & Geopolitics,,No,"Inferred from channel name, recent video titles, and collection context",No
Dr. Youssef El Azouzi,UCqLWx7Hc8vwTpZqHgDj_zyw,https://www.youtube.com/channel/UCqLWx7Hc8vwTpZqHgDj_zyw,News & Geopolitics,News; Geopolitics; Morocco,Yes,"Inferred from channel name, recent video titles, and collection context",No
Habib's,UCLy_M6IGshuO3WxHmaU2bbA,https://www.youtube.com/channel/UCLy_M6IGshuO3WxHmaU2bbA,News & Geopolitics,,No,"Inferred from channel name, recent video titles, and collection context",No
Harper O'Connor,UCZDSz1E3rJ18vefmK7Hw4YA,https://www.youtube.com/channel/UCZDSz1E3rJ18vefmK7Hw4YA,News & Geopolitics,,No,"Inferred from channel name, recent video titles, and collection context",No
Hespress,UCvyivffb2WwNKonKiLwVAEQ,https://www.youtube.com/channel/UCvyivffb2WwNKonKiLwVAEQ,News & Geopolitics,,No,"Inferred from channel name, recent video titles, and collection context",No
HugoDécrypte - Actus du jour,UCAcAnMF0OrCtUep3Y4M-ZPw,https://www.youtube.com/channel/UCAcAnMF0OrCtUep3Y4M-ZPw,News & Geopolitics,,No,Inferred from the previous PocketTube collection,No
Jil Jilala | جيل جيلالة,UCWGAv2KrcQKstSmFw6ecF_w,https://www.youtube.com/channel/UCWGAv2KrcQKstSmFw6ecF_w,News & Geopolitics,,No,"Inferred from channel name, recent video titles, and collection context",No
Joe Show - جو شو,UCVlAsbQEG1yvoAYzt1TEo0Q,https://www.youtube.com/channel/UCVlAsbQEG1yvoAYzt1TEo0Q,News & Geopolitics,News; Geopolitics,Yes,"Inferred from channel name, recent video titles, and collection context",No
Johnny Harris,UCmGSJVG3mCRXVOP4yZrU1Dw,https://www.youtube.com/channel/UCmGSJVG3mCRXVOP4yZrU1Dw,News & Geopolitics,News; Geopolitics,Yes,"Inferred from channel name, recent video titles, and collection context",No
Krystal,UCYEtjjDcZr7NZ3K1YGcxKcA,https://www.youtube.com/channel/UCYEtjjDcZr7NZ3K1YGcxKcA,News & Geopolitics,News; Geopolitics; History,Yes,"Inferred from channel name, recent video titles, and collection context",No
Le360,UCGYE6-D0--78oXa4wDiOk6g,https://www.youtube.com/channel/UCGYE6-D0--78oXa4wDiOk6g,News & Geopolitics,,No,"Inferred from channel name, recent video titles, and collection context",No
Lmentalist,UCo4ccSaJtDSOe8uHIqts6iA,https://www.youtube.com/channel/UCo4ccSaJtDSOe8uHIqts6iA,News & Geopolitics,,No,"Inferred from channel name, recent video titles, and collection context",No
LoGia / لوجيا,UCg_qFMDJSFrNcDOTV46PDyw,https://www.youtube.com/channel/UCg_qFMDJSFrNcDOTV46PDyw,News & Geopolitics,,No,"Inferred from channel name, recent video titles, and collection context",No
Mahmoud Ghazy محمود غازي,UCtBZg3M-OZaIA2ctqqKImNQ,https://www.youtube.com/channel/UCtBZg3M-OZaIA2ctqqKImNQ,News & Geopolitics,News; Geopolitics,Yes,"Inferred from channel name, recent video titles, and collection context",No
Maroki Rider,UCcxHtFVlME-GLE4cKbo6LUQ,https://www.youtube.com/channel/UCcxHtFVlME-GLE4cKbo6LUQ,News & Geopolitics,,No,"Inferred from channel name, recent video titles, and collection context",No
Meghylost,UC6LhOxrCkYQe4Xe5IosaMKQ,https://www.youtube.com/channel/UC6LhOxrCkYQe4Xe5IosaMKQ,News & Geopolitics,News; Geopolitics; Morocco,Yes,"Inferred from channel name, recent video titles, and collection context",No
Mohamed Reda Taoujni,UCWVYlVT3eckMbozWoAeDXWw,https://www.youtube.com/channel/UCWVYlVT3eckMbozWoAeDXWw,News & Geopolitics,News; Geopolitics; Morocco,Yes,"Inferred from channel name, recent video titles, and collection context",No
Mouhib Tube,UCtHu8n5P56V3JCUkEaig9hA,https://www.youtube.com/channel/UCtHu8n5P56V3JCUkEaig9hA,News & Geopolitics,,No,Inferred from the previous PocketTube collection,No
MrSpherical,UCfhc7xi7-ZDfpVsjIaFjkgw,https://www.youtube.com/channel/UCfhc7xi7-ZDfpVsjIaFjkgw,News & Geopolitics,,No,"Inferred from channel name, recent video titles, and collection context",No
MrSpherical بالعربي,UCFkajvbuFPXqvF7mHPcElMQ,https://www.youtube.com/channel/UCFkajvbuFPXqvF7mHPcElMQ,News & Geopolitics,,No,"Inferred from channel name, recent video titles, and collection context",No
Muhammad Alqefari - محمد القفاري,UCybTO1ELIQ6-ZW_ESNVsnKw,https://www.youtube.com/channel/UCybTO1ELIQ6-ZW_ESNVsnKw,News & Geopolitics,,No,"Inferred from channel name, recent video titles, and collection context",No
Mustapha Swinga,UCMPBiSwYY4fS1LYw4KkDZuw,https://www.youtube.com/channel/UCMPBiSwYY4fS1LYw4KkDZuw,News & Geopolitics,News; Geopolitics; Morocco,Yes,"Inferred from channel name, recent video titles, and collection context",No
Najib Akesbi,UC6qTOnJ-UsrvInB0cg5Q1ZA,https://www.youtube.com/channel/UC6qTOnJ-UsrvInB0cg5Q1ZA,News & Geopolitics,News; Geopolitics; Morocco,Yes,"Inferred from channel name, recent video titles, and collection context",No
Nest Productions,UCnsnn8YR1AHKLci0-LrFFSg,https://www.youtube.com/channel/UCnsnn8YR1AHKLci0-LrFFSg,News & Geopolitics,News; Geopolitics; History,Yes,"Inferred from channel name, recent video titles, and collection context",No
OMERTA,UC3lacWBPVK-JfmGyyHx4AAw,https://www.youtube.com/channel/UC3lacWBPVK-JfmGyyHx4AAw,News & Geopolitics,,No,Inferred from the previous PocketTube collection,No
Open to Debate,UCenxjWEkb0Sv67vejOgZ3Tg,https://www.youtube.com/channel/UCenxjWEkb0Sv67vejOgZ3Tg,News & Geopolitics,,No,"Inferred from channel name, recent video titles, and collection context",No
Rabiaa El Idrissi Fahmi,UCWlvVfrMi5bfJhTpsFIyZqw,https://www.youtube.com/channel/UCWlvVfrMi5bfJhTpsFIyZqw,News & Geopolitics,News; Geopolitics; History,Yes,Inferred from the previous PocketTube collection,No
Rachid Achachi - رشيد عشعاشي,UCsB1HSdqK3XaJYzHJznysHw,https://www.youtube.com/channel/UCsB1HSdqK3XaJYzHJznysHw,News & Geopolitics,News; Geopolitics; Morocco,Yes,"Inferred from channel name, recent video titles, and collection context",No
Ramad - رماد,UCM2Q_GQ_j2SzDsHeCH6ihMQ,https://www.youtube.com/channel/UCM2Q_GQ_j2SzDsHeCH6ihMQ,News & Geopolitics,,No,"Inferred from channel name, recent video titles, and collection context",No
Sammy Obeid,UCVM1uxDwYNhIu3qQ0ejZtzQ,https://www.youtube.com/channel/UCVM1uxDwYNhIu3qQ0ejZtzQ,News & Geopolitics,News; Geopolitics; History,Yes,"Inferred from channel name, recent video titles, and collection context",No
SBS Dateline,UCY_Bq1AF0xvPUjaAqV7kweA,https://www.youtube.com/channel/UCY_Bq1AF0xvPUjaAqV7kweA,News & Geopolitics,,No,"Inferred from channel name, recent video titles, and collection context",No
Shog AL Maskery,UCbYH6Erf-TRcckFULFWtDcQ,https://www.youtube.com/channel/UCbYH6Erf-TRcckFULFWtDcQ,News & Geopolitics,,No,"Inferred from channel name, recent video titles, and collection context",No
Souhaib Dziri,UCNnHDxnr3DWPQH3EE_MWotg,https://www.youtube.com/channel/UCNnHDxnr3DWPQH3EE_MWotg,News & Geopolitics,News; Geopolitics; Morocco,Yes,"Inferred from channel name, recent video titles, and collection context",No
Step News Agency - وكالة ستيب نيوز,UCFXyHQjlNrdVYKywetpIj-A,https://www.youtube.com/channel/UCFXyHQjlNrdVYKywetpIj-A,News & Geopolitics,,No,"Inferred from channel name, recent video titles, and collection context",No
SyriaNow - سوريا الآن,UCqPP4dbgr9Uddnzzuzr8qXQ,https://www.youtube.com/channel/UCqPP4dbgr9Uddnzzuzr8qXQ,News & Geopolitics,,No,"Inferred from channel name, recent video titles, and collection context",No
Talha Gibreel,UC85u-9mj1eUF-Re4OTOAM9w,https://www.youtube.com/channel/UC85u-9mj1eUF-Re4OTOAM9w,News & Geopolitics,News; Geopolitics; Morocco,Yes,"Inferred from channel name, recent video titles, and collection context",No
Taoufik Bouachrine - توفيق بوعشرين,UCHnhv7l-mP-NrVKaD3EsnUA,https://www.youtube.com/channel/UCHnhv7l-mP-NrVKaD3EsnUA,News & Geopolitics,News; Geopolitics; Morocco,Yes,"Inferred from channel name, recent video titles, and collection context",No
The Michael Parenti Library,UC_zaFgEyhDQjDr49cBvJIGA,https://www.youtube.com/channel/UC_zaFgEyhDQjDr49cBvJIGA,News & Geopolitics,,No,"Inferred from channel name, recent video titles, and collection context",No
Tom Bilyeu,UCnYMOamNKLGVlJgRUbamveA,https://www.youtube.com/channel/UCnYMOamNKLGVlJgRUbamveA,News & Geopolitics,,No,"Inferred from channel name, recent video titles, and collection context",No
Tucker Carlson,UCGttrUON87gWfU6dMWm1fcA,https://www.youtube.com/channel/UCGttrUON87gWfU6dMWm1fcA,News & Geopolitics,News; Geopolitics,Yes,Inferred from the previous PocketTube collection,No
uncivilized,UCGglb26hdG81eW08n4dagUw,https://www.youtube.com/channel/UCGglb26hdG81eW08n4dagUw,News & Geopolitics,News; Geopolitics,Yes,"Inferred from channel name, recent video titles, and collection context",No
Younes Mesrar | يونس مسرار,UC9OMoDj1VIhUJVI1XX6UY6g,https://www.youtube.com/channel/UC9OMoDj1VIhUJVI1XX6UY6g,News & Geopolitics,,No,"Inferred from channel name, recent video titles, and collection context",No
Youssef BK العميق,UCvrtiGi_9r6TCQ-IWApz5MA,https://www.youtube.com/channel/UCvrtiGi_9r6TCQ-IWApz5MA,News & Geopolitics,,No,"Inferred from channel name, recent video titles, and collection context",No
Zakariaa Aitouraies,UCd_d5BgbmSe7doOxicuYzBw,https://www.youtube.com/channel/UCd_d5BgbmSe7doOxicuYzBw,News & Geopolitics,,No,"Inferred from channel name, recent video titles, and collection context",No
Zeteo,UCVG72F2Q5yCmLQfctNK6M2A,https://www.youtube.com/channel/UCVG72F2Q5yCmLQfctNK6M2A,News & Geopolitics,,No,"Inferred from channel name, recent video titles, and collection context",No
ZiZo,UCDLrkuBEnC0vAG0nIpivZdg,https://www.youtube.com/channel/UCDLrkuBEnC0vAG0nIpivZdg,News & Geopolitics,News; Geopolitics; Morocco,Yes,"Inferred from channel name, recent video titles, and collection context",No
اقتصاد الكوكب,UCjMdgUQQM68S7tdXspE45Ag,https://www.youtube.com/channel/UCjMdgUQQM68S7tdXspE45Ag,News & Geopolitics,News; Geopolitics,Yes,"Inferred from channel name, recent video titles, and collection context",No
الاسواق في المغرب,UCXXa1bvWEoxixQW9mLqmqgA,https://www.youtube.com/channel/UCXXa1bvWEoxixQW9mLqmqgA,News & Geopolitics,,No,"Inferred from channel name, recent video titles, and collection context",No
المخبر الاقتصادي - Mokhbir Eqtisadi,UC4kRorAXuIkyIX6vwXKaLWg,https://www.youtube.com/channel/UC4kRorAXuIkyIX6vwXKaLWg,News & Geopolitics,News; Geopolitics,Yes,"Inferred from channel name, recent video titles, and collection context",No
المهدوي مدير نشر بديل,UCZachh7w2XIr-N3UEPuaIrw,https://www.youtube.com/channel/UCZachh7w2XIr-N3UEPuaIrw,News & Geopolitics,News; Geopolitics; Morocco,Yes,Inferred from the previous PocketTube collection,No
بكر المصري Bakr El Masry,UCCSJeNWp6hKZ5pv3u2ZsuBA,https://www.youtube.com/channel/UCCSJeNWp6hKZ5pv3u2ZsuBA,News & Geopolitics,News; Geopolitics,Yes,"Inferred from channel name, recent video titles, and collection context",No
تثقف,UCOXdLKPnV9_IxQpx5yDBGLA,https://www.youtube.com/channel/UCOXdLKPnV9_IxQpx5yDBGLA,News & Geopolitics,,No,"Inferred from channel name, recent video titles, and collection context",No
جلسة كرك,UCTgqTWO-dM4D-IWIEviUj_Q,https://www.youtube.com/channel/UCTgqTWO-dM4D-IWIEviUj_Q,News & Geopolitics,,No,"Inferred from channel name, recent video titles, and collection context",No
حروب العالم,UCAel-jKchkJf9UYJWG9yK7w,https://www.youtube.com/channel/UCAel-jKchkJf9UYJWG9yK7w,News & Geopolitics,,No,"Inferred from channel name, recent video titles, and collection context",No
حياة وثائقية - Hayah Documentary,UC4tNC0SDwlGrx1SpTz-gJGA,https://www.youtube.com/channel/UC4tNC0SDwlGrx1SpTz-gJGA,News & Geopolitics,,No,"Inferred from channel name, recent video titles, and collection context",No
رحلة Rihla TV,UCMRL4nje2VT7q2nyfSgaHaw,https://www.youtube.com/channel/UCMRL4nje2VT7q2nyfSgaHaw,News & Geopolitics,,No,"Inferred from channel name, recent video titles, and collection context",No
ريفيو - Review,UCxBlOTobHElqYRWApnsb0pw,https://www.youtube.com/channel/UCxBlOTobHElqYRWApnsb0pw,News & Geopolitics,,No,"Inferred from channel name, recent video titles, and collection context",No
زي الكتاب مابيقول,UC4moDiwIJPtcjk8ITj_I7VQ,https://www.youtube.com/channel/UC4moDiwIJPtcjk8ITj_I7VQ,News & Geopolitics,,No,"Inferred from channel name, recent video titles, and collection context",No
ستيب فيديوغراف,UCzXHxl02PLrMi_qnz-rq10w,https://www.youtube.com/channel/UCzXHxl02PLrMi_qnz-rq10w,News & Geopolitics,,No,"Inferred from channel name, recent video titles, and collection context",No
سكاي نيوز عربية,UCIJXOvggjKtCagMfxvcCzAA,https://www.youtube.com/channel/UCIJXOvggjKtCagMfxvcCzAA,News & Geopolitics,,No,"Inferred from channel name, recent video titles, and collection context",No
سياسة لس,UC4DaPswqI8f0nP98leIcvkQ,https://www.youtube.com/channel/UC4DaPswqI8f0nP98leIcvkQ,News & Geopolitics,,No,"Inferred from channel name, recent video titles, and collection context",No
شبكة قدس الاخبارية,UCFFuMGTQXLitNuiU4SIe5vQ,https://www.youtube.com/channel/UCFFuMGTQXLitNuiU4SIe5vQ,News & Geopolitics,,No,"Inferred from channel name, recent video titles, and collection context",No
عبدالله الشريف Abdullah Elshrif,UCqlRE8sYdSeijg83yIDpq2w,https://www.youtube.com/channel/UCqlRE8sYdSeijg83yIDpq2w,News & Geopolitics,,No,Inferred from the previous PocketTube collection,No
عثمان بنجلون Otman Benjelloun,UCy8VyQDtMqmPFO1Q9O3Jxzg,https://www.youtube.com/channel/UCy8VyQDtMqmPFO1Q9O3Jxzg,News & Geopolitics,,No,"Inferred from channel name, recent video titles, and collection context",No
فلوسي,UCXyYrNFS1V1HXa_nZvqtZtQ,https://www.youtube.com/channel/UCXyYrNFS1V1HXa_nZvqtZtQ,News & Geopolitics,News; Geopolitics; Morocco,Yes,"Inferred from channel name, recent video titles, and collection context",No
قناة المال,UCUxzC288a_c9TkSy_sujjoQ,https://www.youtube.com/channel/UCUxzC288a_c9TkSy_sujjoQ,News & Geopolitics,,No,"Inferred from channel name, recent video titles, and collection context",No
قناة مولاي هاشم الاعلامية,UClFXJqYnj57GgY_aA6kQ3Mw,https://www.youtube.com/channel/UClFXJqYnj57GgY_aA6kQ3Mw,News & Geopolitics,,No,"Inferred from channel name, recent video titles, and collection context",No
كفاح - kifaa7,UCLqvZztxDGRPAyjR6xrDICw,https://www.youtube.com/channel/UCLqvZztxDGRPAyjR6xrDICw,News & Geopolitics,,No,Inferred from the previous PocketTube collection,No
ماجد عبدالله,UC0IdFAmdGU5J-Ec3G4oc7OQ,https://www.youtube.com/channel/UC0IdFAmdGU5J-Ec3G4oc7OQ,News & Geopolitics,,No,"Inferred from channel name, recent video titles, and collection context",No
مجمع لصحاب,UC5muZiMg0yrCDDPFA20y7Lg,https://www.youtube.com/channel/UC5muZiMg0yrCDDPFA20y7Lg,News & Geopolitics,,No,"Inferred from channel name, recent video titles, and collection context",No
مملكة العظماء,UCL2FFdFJ3bIOo1NrIrhfsaA,https://www.youtube.com/channel/UCL2FFdFJ3bIOo1NrIrhfsaA,News & Geopolitics,,No,"Inferred from channel name, recent video titles, and collection context",No
مهيب نيوز,UCi7CeDoQxZQwU0DzVZIvE1w,https://www.youtube.com/channel/UCi7CeDoQxZQwU0DzVZIvE1w,News & Geopolitics,,No,"Inferred from channel name, recent video titles, and collection context",No
موقع بديل أنفو الثانوية,UC7UCPEYSvqvpOXKaxvnAvDg,https://www.youtube.com/channel/UC7UCPEYSvqvpOXKaxvnAvDg,News & Geopolitics,,No,"Inferred from channel name, recent video titles, and collection context",No
موقع هوية بريس,UCSe5jomgbdEuMHhXhLdsXJA,https://www.youtube.com/channel/UCSe5jomgbdEuMHhXhLdsXJA,News & Geopolitics,,No,"Inferred from channel name, recent video titles, and collection context",No
وثائقية أحداث وحقائق روايات,UC8UMer6lHgbnj6XCNQIL-Pw,https://www.youtube.com/channel/UC8UMer6lHgbnj6XCNQIL-Pw,News & Geopolitics,,No,"Inferred from channel name, recent video titles, and collection context",No
يونس الكحيحل - youness khihel,UCTL6WoJRe45BB75cBNH3JMw,https://www.youtube.com/channel/UCTL6WoJRe45BB75cBNH3JMw,News & Geopolitics,News; Geopolitics; Morocco,Yes,"Inferred from channel name, recent video titles, and collection context",No
4talk فورتوك,UCtJuugunRYs4N7bQF5XisMw,https://www.youtube.com/channel/UCtJuugunRYs4N7bQF5XisMw,Podcasts & Interviews,Podcasts; Interviews; Psychology; Science,Yes,"Inferred from channel name, recent video titles, and collection context",No
Amina Dehbi l أمينة الذهبي,UCkz8FWbjt49LKHT96t85jTw,https://www.youtube.com/channel/UCkz8FWbjt49LKHT96t85jTw,Podcasts & Interviews,,No,"Inferred from channel name, recent video titles, and collection context",No
anything goes with emma chamberlain,UCJvR4zNAPRJoMDF3A912dBA,https://www.youtube.com/channel/UCJvR4zNAPRJoMDF3A912dBA,Podcasts & Interviews,Podcasts; Interviews,Yes,Inferred from the previous PocketTube collection,No
Atheer - أثير,UCMQ18I4n6ccOSNDLfdhrUbQ,https://www.youtube.com/channel/UCMQ18I4n6ccOSNDLfdhrUbQ,Podcasts & Interviews,Podcasts; Interviews,Yes,Inferred from the previous PocketTube collection,No
Awal Talk,UCeJ4vvwM2xDXi8eGEDmRVuQ,https://www.youtube.com/channel/UCeJ4vvwM2xDXi8eGEDmRVuQ,Podcasts & Interviews,,No,"Inferred from channel name, recent video titles, and collection context",No
B & J in The Morning,UChn6ruFmY2GcDYbXCGNSraA,https://www.youtube.com/channel/UChn6ruFmY2GcDYbXCGNSraA,Podcasts & Interviews,,No,"Inferred from channel name, recent video titles, and collection context",No
BASSOU,UCJSxL6hQlGac3BPlhceiS2A,https://www.youtube.com/channel/UCJSxL6hQlGac3BPlhceiS2A,Podcasts & Interviews,,No,"Inferred from channel name, recent video titles, and collection context",No
binatna بيناتنا,UCQ1Z1K_NChzvG4PjIfekRrw,https://www.youtube.com/channel/UCQ1Z1K_NChzvG4PjIfekRrw,Podcasts & Interviews,Podcasts; Interviews; Morocco; Psychology,Yes,"Inferred from channel name, recent video titles, and collection context",No
CODM TALK,UC9MgxNKzOEt8qJapVei-XGQ,https://www.youtube.com/channel/UC9MgxNKzOEt8qJapVei-XGQ,Podcasts & Interviews,Podcasts; Interviews; Travel,Yes,"Inferred from channel name, recent video titles, and collection context",No
Cortex Podcast,UCqoy014xOu7ICwgLWHd9BzQ,https://www.youtube.com/channel/UCqoy014xOu7ICwgLWHd9BzQ,Podcasts & Interviews,,No,"Inferred from channel name, recent video titles, and collection context",No
Damouh داموح,UC96GU_gSL_H6c_MV-BJw1KA,https://www.youtube.com/channel/UC96GU_gSL_H6c_MV-BJw1KA,Podcasts & Interviews,Podcasts; Interviews; Science,Yes,"Inferred from channel name, recent video titles, and collection context",No
DMenTorK,UC_FR-phjEkvxNrdNLEXsv3A,https://www.youtube.com/channel/UC_FR-phjEkvxNrdNLEXsv3A,Podcasts & Interviews,,No,"Inferred from channel name, recent video titles, and collection context",No
Do Not Worry Podcast,UCkP1Z422_tAmgLmUtHvgrmg,https://www.youtube.com/channel/UCkP1Z422_tAmgLmUtHvgrmg,Podcasts & Interviews,Podcasts; Interviews; Geopolitics,Yes,"Inferred from channel name, recent video titles, and collection context",No
Dr Farissi د. الفارسي,UCMUAXdulgbqlByLRONYyPqQ,https://www.youtube.com/channel/UCMUAXdulgbqlByLRONYyPqQ,Podcasts & Interviews,,No,"Inferred from channel name, recent video titles, and collection context",No
Eruine42,UCnle4YKnnapWQfVe8VZr_rg,https://www.youtube.com/channel/UCnle4YKnnapWQfVe8VZr_rg,Podcasts & Interviews,,No,"Inferred from channel name, recent video titles, and collection context",No
GM Noel Studer,UC47_lKfmCusmg5rFW54mwFA,https://www.youtube.com/channel/UC47_lKfmCusmg5rFW54mwFA,Podcasts & Interviews,,No,"Inferred from channel name, recent video titles, and collection context",No
In line with Tima,UChozIlfkC8rkOYO0K16rqNg,https://www.youtube.com/channel/UChozIlfkC8rkOYO0K16rqNg,Podcasts & Interviews,,No,Inferred from the previous PocketTube collection,No
Johnathan Bi,UCCrl9a26fDCZvofnCnA5A8g,https://www.youtube.com/channel/UCCrl9a26fDCZvofnCnA5A8g,Podcasts & Interviews,,No,Inferred from the previous PocketTube collection,No
Kareem Esmail,UCsQqxYEBQHILQS237kcoDKw,https://www.youtube.com/channel/UCsQqxYEBQHILQS237kcoDKw,Podcasts & Interviews,,No,"Inferred from channel name, recent video titles, and collection context",No
Leaders On Purpose Podcast with Manal Bernoussi,UCqF-zmGEKxGtwoKcgZHTDKw,https://www.youtube.com/channel/UCqF-zmGEKxGtwoKcgZHTDKw,Podcasts & Interviews,,No,"Inferred from channel name, recent video titles, and collection context",No
Lex Fridman,UCSHZKyawb77ixDdsGog4iWA,https://www.youtube.com/channel/UCSHZKyawb77ixDdsGog4iWA,Podcasts & Interviews,,No,"Inferred from channel name, recent video titles, and collection context",No
Mominoun WithoutBorders,UCn1GIe5es2-XrkLMNSaLHgQ,https://www.youtube.com/channel/UCn1GIe5es2-XrkLMNSaLHgQ,Podcasts & Interviews,,No,"Inferred from channel name, recent video titles, and collection context",No
Moon,UCmFeOdJI3IXgTBDzqBLD8qg,https://www.youtube.com/channel/UCmFeOdJI3IXgTBDzqBLD8qg,Podcasts & Interviews,,No,"Inferred from channel name, recent video titles, and collection context",No
MOTALATE مثلث,UCO9YYhFL4B0cYhUvGsLuttQ,https://www.youtube.com/channel/UCO9YYhFL4B0cYhUvGsLuttQ,Podcasts & Interviews,,No,"Inferred from channel name, recent video titles, and collection context",No
National Geographic,UCpVm7bg6pXKo1Pr6k5kxG9A,https://www.youtube.com/channel/UCpVm7bg6pXKo1Pr6k5kxG9A,Podcasts & Interviews,,No,"Inferred from channel name, recent video titles, and collection context",No
Progetto Happiness,UCCDtBHQGboy9eTvNd_KqfTA,https://www.youtube.com/channel/UCCDtBHQGboy9eTvNd_KqfTA,Podcasts & Interviews,Podcasts; Interviews,Yes,Inferred from the previous PocketTube collection,No
Salam Talks,UCEVNhkCSFvEbfpE4cqktJjg,https://www.youtube.com/channel/UCEVNhkCSFvEbfpE4cqktJjg,Podcasts & Interviews,,No,"Inferred from channel name, recent video titles, and collection context",No
Sara Nouh • سارة نوح,UCfFraCcGRs9A0_4OvFbYeSQ,https://www.youtube.com/channel/UCfFraCcGRs9A0_4OvFbYeSQ,Podcasts & Interviews,,No,"Inferred from channel name, recent video titles, and collection context",No
Solved Podcast Clips,UCd0n53aFGZoXxiz_sH74O4A,https://www.youtube.com/channel/UCd0n53aFGZoXxiz_sH74O4A,Podcasts & Interviews,Podcasts; Interviews,Yes,"Inferred from channel name, recent video titles, and collection context",No
Talks at Google,UCbmNph6atAoGfqLoCL_duAg,https://www.youtube.com/channel/UCbmNph6atAoGfqLoCL_duAg,Podcasts & Interviews,,No,"Inferred from channel name, recent video titles, and collection context",No
The Minimalists,UCkbFiBwMYMXAqifXF4xo5Uw,https://www.youtube.com/channel/UCkbFiBwMYMXAqifXF4xo5Uw,Podcasts & Interviews,,No,Inferred from the previous PocketTube collection,No
Tima's Co Podcast,UCiLRfwcGwM-4I3Ns4YwxweQ,https://www.youtube.com/channel/UCiLRfwcGwM-4I3Ns4YwxweQ,Podcasts & Interviews,,No,"Inferred from channel name, recent video titles, and collection context",No
TOUIL TALKS,UCuDFLMw9eky9-o3PxLK5pEA,https://www.youtube.com/channel/UCuDFLMw9eky9-o3PxLK5pEA,Podcasts & Interviews,Podcasts; Interviews; Morocco; Geopolitics; Travel,Yes,"Inferred from channel name, recent video titles, and collection context",No
Wellness Billion,UCkO4lnK10uy8mjdxsRapMIA,https://www.youtube.com/channel/UCkO4lnK10uy8mjdxsRapMIA,Podcasts & Interviews,Podcasts; Interviews,Yes,"Inferred from channel name, recent video titles, and collection context",No
إيه المشكلة,UCQ2X_YPmdjBOjVq6dLbO0pQ,https://www.youtube.com/channel/UCQ2X_YPmdjBOjVq6dLbO0pQ,Podcasts & Interviews,,No,"Inferred from channel name, recent video titles, and collection context",No
الجزيرة بودكاست,UCLm-iY7gsPR7h1a4-hVi7rw,https://www.youtube.com/channel/UCLm-iY7gsPR7h1a4-hVi7rw,Podcasts & Interviews,,No,"Inferred from channel name, recent video titles, and collection context",No
بودكاست بدون ورق,UC7mCgzz-LYRt-a3mCvUbccg,https://www.youtube.com/channel/UC7mCgzz-LYRt-a3mCvUbccg,Podcasts & Interviews,,No,"Inferred from channel name, recent video titles, and collection context",No
بودكاست دائرة - عبدالرحمن البداح,UC6E-2x0NJ-DNANq1cBQ3ECg,https://www.youtube.com/channel/UC6E-2x0NJ-DNANq1cBQ3ECg,Podcasts & Interviews,,No,"Inferred from channel name, recent video titles, and collection context",No
تنوين بودكاست | Tanween Podcasts,UC2IhG2yHmAFYPqNZNMyOPkg,https://www.youtube.com/channel/UC2IhG2yHmAFYPqNZNMyOPkg,Podcasts & Interviews,,No,"Inferred from channel name, recent video titles, and collection context",No
فاهم بودكاست,UCuIayeub56xP83u7u-_d-SQ,https://www.youtube.com/channel/UCuIayeub56xP83u7u-_d-SQ,Podcasts & Interviews,,No,"Inferred from channel name, recent video titles, and collection context",No
قصة مع خالد,UCbS1GAStICRUpt84FpNyOlg,https://www.youtube.com/channel/UCbS1GAStICRUpt84FpNyOlg,Podcasts & Interviews,,No,Inferred from the previous PocketTube collection,No
قناة د.سعد البازعي,UCO4EUbPy9UeCqPQLLvqkNxw,https://www.youtube.com/channel/UCO4EUbPy9UeCqPQLLvqkNxw,Podcasts & Interviews,,No,"Inferred from channel name, recent video titles, and collection context",No
مهارات من Google,UC8ZF2ZJnqmYJFl9pACYQUfQ,https://www.youtube.com/channel/UC8ZF2ZJnqmYJFl9pACYQUfQ,Podcasts & Interviews,,No,Inferred from the previous PocketTube collection,No
Abdellah Eid Nizar,UCgoa0MelBNsVF5yhWU8x8JA,https://www.youtube.com/channel/UCgoa0MelBNsVF5yhWU8x8JA,Science & Ideas,,No,"Inferred from channel name, recent video titles, and collection context",No
Abdullah Hatem - عبدالله حاتم,UCirh3bzivX11cb_-2tpeCMQ,https://www.youtube.com/channel/UCirh3bzivX11cb_-2tpeCMQ,Science & Ideas,,No,"Inferred from channel name, recent video titles, and collection context",No
Accepting the Universe,UCI7kuRuTVlIhi9r5zQHcwJA,https://www.youtube.com/channel/UCI7kuRuTVlIhi9r5zQHcwJA,Science & Ideas,,No,"Inferred from channel name, recent video titles, and collection context",No
Achraf ELHams,UCUUVE-BS6aaTHP-EUjKLhrQ,https://www.youtube.com/channel/UCUUVE-BS6aaTHP-EUjKLhrQ,Science & Ideas,,No,"Inferred from channel name, recent video titles, and collection context",No
adnan al HAMwi,UCLBbb4z_cwzFlnRbwMtwzFQ,https://www.youtube.com/channel/UCLBbb4z_cwzFlnRbwMtwzFQ,Science & Ideas,,No,Inferred from the previous PocketTube collection,No
Ahmed Adly | أحمد عدلي,UCVZskiGhMTAOZFA-SJB_RJw,https://www.youtube.com/channel/UCVZskiGhMTAOZFA-SJB_RJw,Science & Ideas,,No,Inferred from the previous PocketTube collection,No
Ahmed Saeed,UCjd9hOh1flT1-tPtp85hL9Q,https://www.youtube.com/channel/UCjd9hOh1flT1-tPtp85hL9Q,Science & Ideas,,No,"Inferred from channel name, recent video titles, and collection context",No
AlarabyTube - العربي تيوب,UCPXKFARrr9KIazKFsIdZrbg,https://www.youtube.com/channel/UCPXKFARrr9KIazKFsIdZrbg,Science & Ideas,,No,Inferred from the previous PocketTube collection,No
Amin El-Yousfi,UCYRgzpZAtpKDHh5jZRdq6Uw,https://www.youtube.com/channel/UCYRgzpZAtpKDHh5jZRdq6Uw,Science & Ideas,Science; Ideas,Yes,Inferred from the previous PocketTube collection,No
amine bekkouri أمين بكوري,UCBBhi0dmqGHb5A7tgCUluMg,https://www.youtube.com/channel/UCBBhi0dmqGHb5A7tgCUluMg,Science & Ideas,,No,"Inferred from channel name, recent video titles, and collection context",No
Anes Tina,UCHCsGx9byqxSw6f1JQVBk6Q,https://www.youtube.com/channel/UCHCsGx9byqxSw6f1JQVBk6Q,Science & Ideas,,No,"Inferred from channel name, recent video titles, and collection context",No
Bab Alsharq - باب الشرق,UCQG2GTSubPHT6zkrM7JWX4A,https://www.youtube.com/channel/UCQG2GTSubPHT6zkrM7JWX4A,Science & Ideas,,No,"Inferred from channel name, recent video titles, and collection context",No
Basil Altaie,UCgD9uzns7QnIWLMT6bG8ukg,https://www.youtube.com/channel/UCgD9uzns7QnIWLMT6bG8ukg,Science & Ideas,,No,"Inferred from channel name, recent video titles, and collection context",No
Chanqaoui,UC1C20bWqFYFj0OXIaHqu6kA,https://www.youtube.com/channel/UC1C20bWqFYFj0OXIaHqu6kA,Science & Ideas,,No,"Inferred from channel name, recent video titles, and collection context",No
Da7ee7 - الدحيح,UCqW7G8SmyeEeQYzLOk5tdSg,https://www.youtube.com/channel/UCqW7G8SmyeEeQYzLOk5tdSg,Science & Ideas,Science; Ideas; History; Psychology,Yes,Inferred from the previous PocketTube collection,No
Daily Sabry,UCrCyNPwHaRzkJ43kQLu0VWQ,https://www.youtube.com/channel/UCrCyNPwHaRzkJ43kQLu0VWQ,Science & Ideas,Science; Ideas,Yes,"Inferred from channel name, recent video titles, and collection context",No
Daily Stoic,UCkUaT0T03TJvafYkfATM2Ag,https://www.youtube.com/channel/UCkUaT0T03TJvafYkfATM2Ag,Science & Ideas,Science; Ideas; History; Philosophy,Yes,"Inferred from channel name, recent video titles, and collection context",No
David Rajulkahf,UCiMplCEVdc5YflcI3GeDy-g,https://www.youtube.com/channel/UCiMplCEVdc5YflcI3GeDy-g,Science & Ideas,,No,"Inferred from channel name, recent video titles, and collection context",No
Dir L'kit - دير الكيت,UCChJT4iBXvC-DXXkGajXZQw,https://www.youtube.com/channel/UCChJT4iBXvC-DXXkGajXZQw,Science & Ideas,Science; Ideas; Philosophy,Yes,"Inferred from channel name, recent video titles, and collection context",No
Egychology - ايجيكولوجي,UCk5OZdnlhjc0DsZrnRUlIeQ,https://www.youtube.com/channel/UCk5OZdnlhjc0DsZrnRUlIeQ,Science & Ideas,Science; Ideas,Yes,Inferred from the previous PocketTube collection,No
Elplatform - البلاتفورم,UCO6ST5lJ_wsVIM_6cBiqUvw,https://www.youtube.com/channel/UCO6ST5lJ_wsVIM_6cBiqUvw,Science & Ideas,,No,Inferred from the previous PocketTube collection,No
Elzero Tube,UCQqN3qgYbkfd0EkdhJmN5tQ,https://www.youtube.com/channel/UCQqN3qgYbkfd0EkdhJmN5tQ,Science & Ideas,,No,"Inferred from channel name, recent video titles, and collection context",No
Eslam Mostafa,UCj4C--E-nUOcbEBAIfT46rg,https://www.youtube.com/channel/UCj4C--E-nUOcbEBAIfT46rg,Science & Ideas,,No,"Inferred from channel name, recent video titles, and collection context",No
Espitalia - الاسبتالية,UC07e1ZK4KWoDWnCN-z6VUiA,https://www.youtube.com/channel/UC07e1ZK4KWoDWnCN-z6VUiA,Science & Ideas,Science; Ideas; Psychology,Yes,Inferred from the previous PocketTube collection,No
Eternalised,UCqos1tl0RntucGGtPXNxkkA,https://www.youtube.com/channel/UCqos1tl0RntucGGtPXNxkkA,Science & Ideas,Science; Ideas,Yes,Inferred from the previous PocketTube collection,No
Fiction Beast,UCZlodzngfsaCQAKE6wXiuMw,https://www.youtube.com/channel/UCZlodzngfsaCQAKE6wXiuMw,Science & Ideas,Science; Ideas,Yes,"Inferred from channel name, recent video titles, and collection context",No
Genuine Curiosity,UChdQ1rDSDgxJwPqIxvVA0Jw,https://www.youtube.com/channel/UChdQ1rDSDgxJwPqIxvVA0Jw,Science & Ideas,Science; Ideas; History,Yes,Inferred from the previous PocketTube collection,No
Haki Nasawi حكي نسوي,UC0e00jkBl95F8_I_40Wr1kQ,https://www.youtube.com/channel/UC0e00jkBl95F8_I_40Wr1kQ,Science & Ideas,Science; Ideas,Yes,"Inferred from channel name, recent video titles, and collection context",No
Hawamich Media,UCwtbHS_jyPsEzDOc5ay9tDA,https://www.youtube.com/channel/UCwtbHS_jyPsEzDOc5ay9tDA,Science & Ideas,,No,"Inferred from channel name, recent video titles, and collection context",No
HistoryPod,UCQD8u6YFRiGwObqpqpq7JFA,https://www.youtube.com/channel/UCQD8u6YFRiGwObqpqpq7JFA,Science & Ideas,Science; Ideas,Yes,Inferred from the previous PocketTube collection,No
Hossam Elemam - حسام الامام,UCMzMzZaWrlhJyg5f9TC0fFg,https://www.youtube.com/channel/UCMzMzZaWrlhJyg5f9TC0fFg,Science & Ideas,,No,Inferred from the previous PocketTube collection,No
Hossam Heikal,UCytIVg_oo3LQSdDjxPkhsIw,https://www.youtube.com/channel/UCytIVg_oo3LQSdDjxPkhsIw,Science & Ideas,,No,Inferred from the previous PocketTube collection,No
Ihssane Benalluch,UC-TDfXUC9HlqvoQxMolYHRA,https://www.youtube.com/channel/UC-TDfXUC9HlqvoQxMolYHRA,Science & Ideas,,No,"Inferred from channel name, recent video titles, and collection context",No
ilal Internet Stories,UCJFH9V20yL9ceTWbHiwzV8Q,https://www.youtube.com/channel/UCJFH9V20yL9ceTWbHiwzV8Q,Science & Ideas,,No,"Inferred from channel name, recent video titles, and collection context",No
Joe HaTTab,UCe6eisvsctSPvBhmincn6kA,https://www.youtube.com/channel/UCe6eisvsctSPvBhmincn6kA,Science & Ideas,Science; Ideas,Yes,"Inferred from channel name, recent video titles, and collection context",No
Jordan B Peterson,UCL_f53ZEJxp8TtlOkHwMV9Q,https://www.youtube.com/channel/UCL_f53ZEJxp8TtlOkHwMV9Q,Science & Ideas,,No,Inferred from the previous PocketTube collection,No
Khaled Alamy,UCGmMKLj3hSFcXAsA8sjPHow,https://www.youtube.com/channel/UCGmMKLj3hSFcXAsA8sjPHow,Science & Ideas,,No,"Inferred from channel name, recent video titles, and collection context",No
Khalid Abdulaziz S,UCtsAO2Rl3MhnoLHMMoQXyRw,https://www.youtube.com/channel/UCtsAO2Rl3MhnoLHMMoQXyRw,Science & Ideas,,No,"Inferred from channel name, recent video titles, and collection context",No
Longevity Business School,UCKjixCDcpWI7atpFrgKPQ2Q,https://www.youtube.com/channel/UCKjixCDcpWI7atpFrgKPQ2Q,Science & Ideas,,No,"Inferred from channel name, recent video titles, and collection context",No
M Salem,UCVpReSbzjuKnY8AAcWYbtiw,https://www.youtube.com/channel/UCVpReSbzjuKnY8AAcWYbtiw,Science & Ideas,,No,"Inferred from channel name, recent video titles, and collection context",No
Mark Manson,UC0TnW9acNxqeojxXDMbohcA,https://www.youtube.com/channel/UC0TnW9acNxqeojxXDMbohcA,Science & Ideas,Science; Ideas,Yes,Inferred from the previous PocketTube collection,No
Marouane Lamharzi Alaoui,UCHr_zjenUjU7G1NXegSMHPg,https://www.youtube.com/channel/UCHr_zjenUjU7G1NXegSMHPg,Science & Ideas,Science; Ideas; History; Philosophy,Yes,"Inferred from channel name, recent video titles, and collection context",No
Maryam BinFahad,UC99LYjG4MeQX82a1zw8fZ8w,https://www.youtube.com/channel/UC99LYjG4MeQX82a1zw8fZ8w,Science & Ideas,,No,Inferred from the previous PocketTube collection,No
MATH PHYSIQUE MA,UC57fwn-khHWSt1CJUwGjJ2Q,https://www.youtube.com/channel/UC57fwn-khHWSt1CJUwGjJ2Q,Science & Ideas,,No,"Inferred from channel name, recent video titles, and collection context",No
Mikey Posada,UCJY3HORlEGL1YRlcffpBBaw,https://www.youtube.com/channel/UCJY3HORlEGL1YRlcffpBBaw,Science & Ideas,Science; Ideas; Psychology,Yes,"Inferred from channel name, recent video titles, and collection context",No
Mohamed Qasem,UCBIqnqNeU4GoeWlwgiwsZIQ,https://www.youtube.com/channel/UCBIqnqNeU4GoeWlwgiwsZIQ,Science & Ideas,,No,"Inferred from channel name, recent video titles, and collection context",No
Mohamed Rida Math - محمد رضى,UC2etP-gDvJgU6tbjLSIfasg,https://www.youtube.com/channel/UC2etP-gDvJgU6tbjLSIfasg,Science & Ideas,,No,"Inferred from channel name, recent video titles, and collection context",No
Mohannad Abu Rizk - مهند أبو رزق,UC4NvZ2UjhD9Jzzt-LOu-UCg,https://www.youtube.com/channel/UC4NvZ2UjhD9Jzzt-LOu-UCg,Science & Ideas,Science; Ideas,Yes,Inferred from the previous PocketTube collection,No
Moroccan insanity,UCipdd_fqkhkhMAvOggL-egg,https://www.youtube.com/channel/UCipdd_fqkhkhMAvOggL-egg,Science & Ideas,Science; Ideas; Philosophy; Psychology,Yes,"Inferred from channel name, recent video titles, and collection context",No
Mostafa Salah,UCvHrctkH78fncNv_ApI4shw,https://www.youtube.com/channel/UCvHrctkH78fncNv_ApI4shw,Science & Ideas,,No,"Inferred from channel name, recent video titles, and collection context",No
Mr Adnan,UCrVAIpnjKVj6iYG2p8I6XDQ,https://www.youtube.com/channel/UCrVAIpnjKVj6iYG2p8I6XDQ,Science & Ideas,,No,"Inferred from channel name, recent video titles, and collection context",No
muscle clinic - ماسل كلينك,UCsJRPfHLASyko7TKI2NXeCA,https://www.youtube.com/channel/UCsJRPfHLASyko7TKI2NXeCA,Science & Ideas,,No,"Inferred from channel name, recent video titles, and collection context",No
Nader Algalaa,UC6O_sM7JpGvvgbOzjmToY7g,https://www.youtube.com/channel/UC6O_sM7JpGvvgbOzjmToY7g,Science & Ideas,,No,"Inferred from channel name, recent video titles, and collection context",No
Najib El Mokhtari,UCzNcnIeuGLXR4uAsJ6cP3kw,https://www.youtube.com/channel/UCzNcnIeuGLXR4uAsJ6cP3kw,Science & Ideas,Science; Ideas; History,Yes,"Inferred from channel name, recent video titles, and collection context",No
Nawafed - نوافذ,UCBcLf1KYcb5h2j2GszqtihA,https://www.youtube.com/channel/UCBcLf1KYcb5h2j2GszqtihA,Science & Ideas,,No,"Inferred from channel name, recent video titles, and collection context",No
Nidhal Guessoum نضال قسوم,UCxPtfAOwtyd_N6keP3MnVmw,https://www.youtube.com/channel/UCxPtfAOwtyd_N6keP3MnVmw,Science & Ideas,,No,"Inferred from channel name, recent video titles, and collection context",No
Nour Homsi,UCLcFW31aAxyqsDxtALNnVTw,https://www.youtube.com/channel/UCLcFW31aAxyqsDxtALNnVTw,Science & Ideas,,No,"Inferred from channel name, recent video titles, and collection context",No
Nura Erdoğan (‫نورة اردوغان‬‎),UCT0qp0pCyyINXB4UhLzwpqQ,https://www.youtube.com/channel/UCT0qp0pCyyINXB4UhLzwpqQ,Science & Ideas,,No,Inferred from the previous PocketTube collection,No
ossagi | أوساجي,UCf9mIE9p8B7XZC-WuNz9ShQ,https://www.youtube.com/channel/UCf9mIE9p8B7XZC-WuNz9ShQ,Science & Ideas,,No,"Inferred from channel name, recent video titles, and collection context",No
Philosophy Coded,UCnkofs4n-uo0yUroehuz4yQ,https://www.youtube.com/channel/UCnkofs4n-uo0yUroehuz4yQ,Science & Ideas,,No,"Inferred from channel name, recent video titles, and collection context",No
Philosophy Tube,UC2PA-AKmVpU6NKCGtZq_rKQ,https://www.youtube.com/channel/UC2PA-AKmVpU6NKCGtZq_rKQ,Science & Ideas,Science; Ideas; History; Philosophy,Yes,"Inferred from channel name, recent video titles, and collection context",No
Psychology with Dr. Ana,UCOxhlNofmYH-MRC36TURUGw,https://www.youtube.com/channel/UCOxhlNofmYH-MRC36TURUGw,Science & Ideas,Science; Ideas; Psychology,Yes,"Inferred from channel name, recent video titles, and collection context",No
Pursuit of Wonder,UC-tLyAaPbRZiYrOJxAGB7dQ,https://www.youtube.com/channel/UC-tLyAaPbRZiYrOJxAGB7dQ,Science & Ideas,,No,"Inferred from channel name, recent video titles, and collection context",No
Rabab Alhunaidi,UCLgPmO7ioXNt-_QsZHS6CVw,https://www.youtube.com/channel/UCLgPmO7ioXNt-_QsZHS6CVw,Science & Ideas,,No,"Inferred from channel name, recent video titles, and collection context",No
Salam Clips,UC2XJPzFcKHpOd0-DhVXKGVQ,https://www.youtube.com/channel/UC2XJPzFcKHpOd0-DhVXKGVQ,Science & Ideas,,No,"Inferred from channel name, recent video titles, and collection context",No
Salam Katanani,UCk9TidvjrtSuvlUPh-pq9NQ,https://www.youtube.com/channel/UCk9TidvjrtSuvlUPh-pq9NQ,Science & Ideas,Science; Ideas; Psychology,Yes,Inferred from the previous PocketTube collection,No
Salma Ghalmi,UCHWFwb9-caepaEsi8wVsyIQ,https://www.youtube.com/channel/UCHWFwb9-caepaEsi8wVsyIQ,Science & Ideas,,No,"Inferred from channel name, recent video titles, and collection context",No
SciencePetr,UC27eC_usQzXTj9dK8JLDLwQ,https://www.youtube.com/channel/UC27eC_usQzXTj9dK8JLDLwQ,Science & Ideas,Science; Ideas; Psychology,Yes,"Inferred from channel name, recent video titles, and collection context",No
Selma Hamadou - سلمى حمادو,UC5egHpXdFFSw3SLl1P3NsJA,https://www.youtube.com/channel/UC5egHpXdFFSw3SLl1P3NsJA,Science & Ideas,,No,"Inferred from channel name, recent video titles, and collection context",No
StarTalk,UCqoAEDirJPjEUFcF2FklnBA,https://www.youtube.com/channel/UCqoAEDirJPjEUFcF2FklnBA,Science & Ideas,Science; Ideas,Yes,Inferred from the previous PocketTube collection,No
StarTalk Plus,UCQzvIHX3SVrSc9P5_GdRWfQ,https://www.youtube.com/channel/UCQzvIHX3SVrSc9P5_GdRWfQ,Science & Ideas,,No,"Inferred from channel name, recent video titles, and collection context",No
StoryTime,UC8sEv1jQMESDP2XBJX8lzHQ,https://www.youtube.com/channel/UC8sEv1jQMESDP2XBJX8lzHQ,Science & Ideas,,No,"Inferred from channel name, recent video titles, and collection context",No
Tawjih Techno,UCymWuP1OfcUkj5pS1mCUFYQ,https://www.youtube.com/channel/UCymWuP1OfcUkj5pS1mCUFYQ,Science & Ideas,,No,"Inferred from channel name, recent video titles, and collection context",No
tawtik audiovisuel,UCnbLjVzAdz8aHA4FsFTufAw,https://www.youtube.com/channel/UCnbLjVzAdz8aHA4FsFTufAw,Science & Ideas,,No,"Inferred from channel name, recent video titles, and collection context",No
TED-Ed,UCsooa4yRKGN_zEE8iknghZA,https://www.youtube.com/channel/UCsooa4yRKGN_zEE8iknghZA,Science & Ideas,,No,Inferred from the previous PocketTube collection,No
THE MOROCCAN DREAM,UCY4N9OvDJapv7hcXO9PK5GQ,https://www.youtube.com/channel/UCY4N9OvDJapv7hcXO9PK5GQ,Science & Ideas,,No,"Inferred from channel name, recent video titles, and collection context",No
The Rest Is Science,UCThg2IH7bNbIQF0hmXA9ECw,https://www.youtube.com/channel/UCThg2IH7bNbIQF0hmXA9ECw,Science & Ideas,Science; Ideas,Yes,"Inferred from channel name, recent video titles, and collection context",No
Unknown channel,UCG7E24xqPnCcKSTKM1NYmWw,https://www.youtube.com/channel/UCG7E24xqPnCcKSTKM1NYmWw,Science & Ideas,,No,Needs review: channel metadata could not be resolved,Yes
Unknown channel,UCHZ5aiT4AuuqKLAGefojfNg,https://www.youtube.com/channel/UCHZ5aiT4AuuqKLAGefojfNg,Science & Ideas,,No,Needs review: channel metadata could not be resolved,Yes
Unknown channel,UChUC06lcICzF_jBEhMSkiMg,https://www.youtube.com/channel/UChUC06lcICzF_jBEhMSkiMg,Science & Ideas,,No,Needs review: channel metadata could not be resolved,Yes
Unknown channel,UCp24iCen1UdEJr4ZSMyYfKA,https://www.youtube.com/channel/UCp24iCen1UdEJr4ZSMyYfKA,Science & Ideas,Science; Ideas,Yes,Needs review: channel metadata could not be resolved,Yes
Unknown channel,UCzmNyFIqGyVquE93gxRjQdw,https://www.youtube.com/channel/UCzmNyFIqGyVquE93gxRjQdw,Science & Ideas,,No,Needs review: channel metadata could not be resolved,Yes
V Channel,UC3959TTdLohvnqckFKc76yg,https://www.youtube.com/channel/UC3959TTdLohvnqckFKc76yg,Science & Ideas,,No,"Inferred from channel name, recent video titles, and collection context",No
What's Next? - ماذا بعد؟,UCApVtnE-ceHuODyZKWLUmNg,https://www.youtube.com/channel/UCApVtnE-ceHuODyZKWLUmNg,Science & Ideas,,No,"Inferred from channel name, recent video titles, and collection context",No
With Nassima,UCOTVWtWjEf_5rwVJMuQUhXg,https://www.youtube.com/channel/UCOTVWtWjEf_5rwVJMuQUhXg,Science & Ideas,,No,"Inferred from channel name, recent video titles, and collection context",No
Yassine Cherkaoui,UChpkgBhCENp4CdL_IcU7tpg,https://www.youtube.com/channel/UChpkgBhCENp4CdL_IcU7tpg,Science & Ideas,,No,"Inferred from channel name, recent video titles, and collection context",No
Youssef AKALAL,UCPxyNcNQHgfqMZNWyxqn1Pg,https://www.youtube.com/channel/UCPxyNcNQHgfqMZNWyxqn1Pg,Science & Ideas,,No,"Inferred from channel name, recent video titles, and collection context",No
أحمد بحيري,UChu58fbuG4Uepdr6tjrUGTw,https://www.youtube.com/channel/UChu58fbuG4Uepdr6tjrUGTw,Science & Ideas,,No,"Inferred from channel name, recent video titles, and collection context",No
إذاعة إنســان,UCe5eYsugVJLzIF_JALMiXzQ,https://www.youtube.com/channel/UCe5eYsugVJLzIF_JALMiXzQ,Science & Ideas,,No,"Inferred from channel name, recent video titles, and collection context",No
الآن تعلم,UCSFcMTqUpgSBn0n_VTfXo8g,https://www.youtube.com/channel/UCSFcMTqUpgSBn0n_VTfXo8g,Science & Ideas,,No,"Inferred from channel name, recent video titles, and collection context",No
الجانب الأسود,UCWId2zsVB_Vau0eyvKTfeDA,https://www.youtube.com/channel/UCWId2zsVB_Vau0eyvKTfeDA,Science & Ideas,,No,Inferred from the previous PocketTube collection,No
الحياة الطيبة🌤,UCUexEbGEiVsLyjJUmHgqPIA,https://www.youtube.com/channel/UCUexEbGEiVsLyjJUmHgqPIA,Science & Ideas,,No,"Inferred from channel name, recent video titles, and collection context",No
الدعوة الإسلامية eld3wah,UCAtyqlk0W-dkea057reA9cw,https://www.youtube.com/channel/UCAtyqlk0W-dkea057reA9cw,Science & Ideas,,No,"Inferred from channel name, recent video titles, and collection context",No
الرحّالة,UC4Q6kNtIxVuiVs8rj50bxaw,https://www.youtube.com/channel/UC4Q6kNtIxVuiVs8rj50bxaw,Science & Ideas,,No,Inferred from the previous PocketTube collection,No
العقل زينة,UCAm4BlOHGtZXwH3aLDfHaZg,https://www.youtube.com/channel/UCAm4BlOHGtZXwH3aLDfHaZg,Science & Ideas,,No,Inferred from the previous PocketTube collection,No
باب المعرفة,UCLYhGvO7A1nhjZs9IKoLb0w,https://www.youtube.com/channel/UCLYhGvO7A1nhjZs9IKoLb0w,Science & Ideas,,No,"Inferred from channel name, recent video titles, and collection context",No
بانتوماث - Pantomath,UChq-W5PT7T-0-tsoRhpTPAg,https://www.youtube.com/channel/UChq-W5PT7T-0-tsoRhpTPAg,Science & Ideas,,No,"Inferred from channel name, recent video titles, and collection context",No
جامعة العلوم والتكنولوجيا التعليم الالكتروني والتعلم عن بُعد,UCTeSptqQ0agG0FojtPm-Q0g,https://www.youtube.com/channel/UCTeSptqQ0agG0FojtPm-Q0g,Science & Ideas,,No,"Inferred from channel name, recent video titles, and collection context",No
حسين سعدون,UCjEm634jQcq63SD2xG5xx-A,https://www.youtube.com/channel/UCjEm634jQcq63SD2xG5xx-A,Science & Ideas,Science; Ideas; History; Philosophy,Yes,"Inferred from channel name, recent video titles, and collection context",No
حسين عبدالله Hussain Abdullah,UCFq4pOuTiZmfJyCxaYTT3Hg,https://www.youtube.com/channel/UCFq4pOuTiZmfJyCxaYTT3Hg,Science & Ideas,,No,"Inferred from channel name, recent video titles, and collection context",No
حيدورانت - haidurant,UC1-Eg1iWNmDE_V953oOgh-Q,https://www.youtube.com/channel/UC1-Eg1iWNmDE_V953oOgh-Q,Science & Ideas,,No,"Inferred from channel name, recent video titles, and collection context",No
سعد القحطاني,UCyQw44YqPM0kDCHYQmGPVeQ,https://www.youtube.com/channel/UCyQw44YqPM0kDCHYQmGPVeQ,Science & Ideas,Science; Ideas; History,Yes,Inferred from the previous PocketTube collection,No
صالح ابو طويلة,UCclxz3Nz8pb5h33lLSfzk1w,https://www.youtube.com/channel/UCclxz3Nz8pb5h33lLSfzk1w,Science & Ideas,Science; Ideas; Psychology,Yes,"Inferred from channel name, recent video titles, and collection context",No
طحالب,UCuLxvZzGeoJYATCMr97dJZQ,https://www.youtube.com/channel/UCuLxvZzGeoJYATCMr97dJZQ,Science & Ideas,Science; Ideas,Yes,"Inferred from channel name, recent video titles, and collection context",No
عادل الجندي,UCoYweBqmkIQjeu3ja_C7K3w,https://www.youtube.com/channel/UCoYweBqmkIQjeu3ja_C7K3w,Science & Ideas,Science; Ideas; Psychology,Yes,"Inferred from channel name, recent video titles, and collection context",No
عالم الأسرار ون بيس,UCO9bThrHdNb4EcRXr5hItxA,https://www.youtube.com/channel/UCO9bThrHdNb4EcRXr5hItxA,Science & Ideas,,No,"Inferred from channel name, recent video titles, and collection context",No
عبدالله العلاوي,UCUdtq-Fvlw7_NjzduNTZsbg,https://www.youtube.com/channel/UCUdtq-Fvlw7_NjzduNTZsbg,Science & Ideas,,No,"Inferred from channel name, recent video titles, and collection context",No
عشوائيات,UCe1m3ZH68Q8314yqulWHTcw,https://www.youtube.com/channel/UCe1m3ZH68Q8314yqulWHTcw,Science & Ideas,,No,"Inferred from channel name, recent video titles, and collection context",No
عمرو هريدي - Amr Haredy,UCpUZQEgQZ411-QX_gm8f23w,https://www.youtube.com/channel/UCpUZQEgQZ411-QX_gm8f23w,Science & Ideas,,No,"Inferred from channel name, recent video titles, and collection context",No
عيد اليحيى,UCmQ39IxymQc4_L9aPou1qiQ,https://www.youtube.com/channel/UCmQ39IxymQc4_L9aPou1qiQ,Science & Ideas,,No,"Inferred from channel name, recent video titles, and collection context",No
قطيع القطط الضالة,UCe_t0KO1onYzaqqMqHeP_Vw,https://www.youtube.com/channel/UCe_t0KO1onYzaqqMqHeP_Vw,Science & Ideas,Science; Ideas,Yes,Inferred from the previous PocketTube collection,No
قناة المحترف | Almohtarif channel,UCO58fldVogtwlz7c2PTeWrg,https://www.youtube.com/channel/UCO58fldVogtwlz7c2PTeWrg,Science & Ideas,,No,"Inferred from channel name, recent video titles, and collection context",No
قناة وافي العلمية,UCRX9t2FnZN1-PBVo9jA4NQA,https://www.youtube.com/channel/UCRX9t2FnZN1-PBVo9jA4NQA,Science & Ideas,,No,"Inferred from channel name, recent video titles, and collection context",No
لويس الأرجواني,UC7N3pF2Yx2ETs_aegMdN7xg,https://www.youtube.com/channel/UC7N3pF2Yx2ETs_aegMdN7xg,Science & Ideas,Science; Ideas,Yes,Inferred from the previous PocketTube collection,No
محتوى عشوائي - Random Content,UCUxzmvAQvXEvxR55dz1hukQ,https://www.youtube.com/channel/UCUxzmvAQvXEvxR55dz1hukQ,Science & Ideas,,No,"Inferred from channel name, recent video titles, and collection context",No
محمد المكي,UCPsW9x4sT6uUfnS7hBnlBhA,https://www.youtube.com/channel/UCPsW9x4sT6uUfnS7hBnlBhA,Science & Ideas,,No,"Inferred from channel name, recent video titles, and collection context",No
نسر الكونغ فو Eagle Kung Fu Jaber,UCE5hSysXd4vCwdVUAEHhw1Q,https://www.youtube.com/channel/UCE5hSysXd4vCwdVUAEHhw1Q,Science & Ideas,,No,"Inferred from channel name, recent video titles, and collection context",No
‫فريدة حسني Farida Hosny I ‬‎,UCKPcgl4WoajS69tcZacv2Hw,https://www.youtube.com/channel/UCKPcgl4WoajS69tcZacv2Hw,Science & Ideas,,No,"Inferred from channel name, recent video titles, and collection context",No
Aprende Defensa Personal,UCxylx7wEANiST0sYijleq0Q,https://www.youtube.com/channel/UCxylx7wEANiST0sYijleq0Q,Sports,,No,Inferred from the previous PocketTube collection,No
ASOBAL,UCxKi8kBed7a8r0wQA-slMWg,https://www.youtube.com/channel/UCxKi8kBed7a8r0wQA-slMWg,Sports,,No,Inferred from the previous PocketTube collection,No
BBHDGaming PLUS 亗,UC7i8DVH-0diXg8q0RFIJj0g,https://www.youtube.com/channel/UC7i8DVH-0diXg8q0RFIJj0g,Sports,,No,"Inferred from channel name, recent video titles, and collection context",No
Benthami Boxing,UCYnI4Jf9ope7caVIMCvUs2g,https://www.youtube.com/channel/UCYnI4Jf9ope7caVIMCvUs2g,Sports,Sports,Yes,"Inferred from channel name, recent video titles, and collection context",No
Big Jantee,UCGbOXfi_If-kP19VmES-Zjg,https://www.youtube.com/channel/UCGbOXfi_If-kP19VmES-Zjg,Sports,,No,Inferred from the previous PocketTube collection,No
Calisthenicmovement,UCZIIRX8rkNjVpP-oLMHpeDw,https://www.youtube.com/channel/UCZIIRX8rkNjVpP-oLMHpeDw,Sports,,No,Inferred from the previous PocketTube collection,No
Chris Bumstead,UC4514FwdRy5gI6CdC9GPb0w,https://www.youtube.com/channel/UC4514FwdRy5gI6CdC9GPb0w,Sports,,No,Inferred from the previous PocketTube collection,No
Club Omnisports De Meknes - CODM,UCs9YHNbygzT1i7FmdWGywOw,https://www.youtube.com/channel/UCs9YHNbygzT1i7FmdWGywOw,Sports,,No,Inferred from the previous PocketTube collection,No
Demi Bagby,UCJXbWTkXCIvL2unItjB3G4Q,https://www.youtube.com/channel/UCJXbWTkXCIvL2unItjB3G4Q,Sports,,No,Inferred from the previous PocketTube collection,No
EHF Home of Handball,UC5F7T3y7PF_1A3JvHfgm5rQ,https://www.youtube.com/channel/UC5F7T3y7PF_1A3JvHfgm5rQ,Sports,,No,Inferred from the previous PocketTube collection,No
Fahad-ness,UCZ06bmd42rGiUI41DgvfYeQ,https://www.youtube.com/channel/UCZ06bmd42rGiUI41DgvfYeQ,Sports,,No,"Inferred from channel name, recent video titles, and collection context",No
fightTIPS,UClKgO_YP3pcIVeav2g_k6hw,https://www.youtube.com/channel/UClKgO_YP3pcIVeav2g_k6hw,Sports,,No,"Inferred from channel name, recent video titles, and collection context",No
Fouad flex,UCBVgJmU8Jsb1yoU1KvTc-MQ,https://www.youtube.com/channel/UCBVgJmU8Jsb1yoU1KvTc-MQ,Sports,,No,Inferred from the previous PocketTube collection,No
GMHikaru,UCweCc7bSMX5J4jEH7HFImng,https://www.youtube.com/channel/UCweCc7bSMX5J4jEH7HFImng,Sports,,No,"Inferred from channel name, recent video titles, and collection context",No
HEAVY DUTY COLLEGE,UCfQ4gtZm_kUdnxmLIZ5VE6A,https://www.youtube.com/channel/UCfQ4gtZm_kUdnxmLIZ5VE6A,Sports,,No,Inferred from the previous PocketTube collection,No
Kariss Mounir,UCjjIhJ-XNrrabwMG2Bnwd3g,https://www.youtube.com/channel/UCjjIhJ-XNrrabwMG2Bnwd3g,Sports,,No,Inferred from the previous PocketTube collection,No
Khabib Nurmagomedov,UCVG90hWNJli0TE9zyxFBiQA,https://www.youtube.com/channel/UCVG90hWNJli0TE9zyxFBiQA,Sports,,No,Inferred from the previous PocketTube collection,No
Knockout Chaos,UC78_tfsC9F11-twdb-uXSWg,https://www.youtube.com/channel/UC78_tfsC9F11-twdb-uXSWg,Sports,,No,"Inferred from channel name, recent video titles, and collection context",No
korawbs1,UCuetEJpTis64ZyKI9p-XNSg,https://www.youtube.com/channel/UCuetEJpTis64ZyKI9p-XNSg,Sports,,No,Inferred from the previous PocketTube collection,No
KRAV MAGA TRAINING,UCMD_k2IDOQpGU4D8OMyHXVQ,https://www.youtube.com/channel/UCMD_k2IDOQpGU4D8OMyHXVQ,Sports,,No,Inferred from the previous PocketTube collection,No
Lichess,UCr6RfQga70yMM9-nuzAYTsA,https://www.youtube.com/channel/UCr6RfQga70yMM9-nuzAYTsA,Sports,,No,"Inferred from channel name, recent video titles, and collection context",No
LNH - Ligue Nationale de Handball,UCyUFNfWWyfJgnG6j0rWbxMQ,https://www.youtube.com/channel/UCyUFNfWWyfJgnG6j0rWbxMQ,Sports,,No,Inferred from the previous PocketTube collection,No
MattDoesFitness,UCeqR0F3O1V11CiiOaJbd1pw,https://www.youtube.com/channel/UCeqR0F3O1V11CiiOaJbd1pw,Sports,,No,Inferred from the previous PocketTube collection,No
Mohamed Aboubakr,UC9i6gCxiph_aBj68Xs9Iqng,https://www.youtube.com/channel/UC9i6gCxiph_aBj68Xs9Iqng,Sports,Sports,Yes,"Inferred from channel name, recent video titles, and collection context",No
Mohamed Tazarni,UCKlnZjz-_BbBIe_8zmIG5-w,https://www.youtube.com/channel/UCKlnZjz-_BbBIe_8zmIG5-w,Sports,,No,Inferred from the previous PocketTube collection,No
MrBeast,UCX6OQ3DkcsbYNE6H8uQQuVA,https://www.youtube.com/channel/UCX6OQ3DkcsbYNE6H8uQQuVA,Sports,,No,"Inferred from channel name, recent video titles, and collection context",No
Nick DiGiovanni,UCMyOj6fhvKFMjxUCp3b_3gA,https://www.youtube.com/channel/UCMyOj6fhvKFMjxUCp3b_3gA,Sports,,No,"Inferred from channel name, recent video titles, and collection context",No
Opel Handball-Bundesliga,UCx3lzRTmoNWCzyRaIooMz4g,https://www.youtube.com/channel/UCx3lzRTmoNWCzyRaIooMz4g,Sports,,No,Inferred from the previous PocketTube collection,No
PSG HANDBALL,UCyLVUccyk1hh2dcijD6pQzw,https://www.youtube.com/channel/UCyLVUccyk1hh2dcijD6pQzw,Sports,,No,Inferred from the previous PocketTube collection,No
Qalby Etmaan - قلبي اطمأن,UCTYNerRYjdiyRNR6LgRmOOQ,https://www.youtube.com/channel/UCTYNerRYjdiyRNR6LgRmOOQ,Sports,Sports,Yes,"Inferred from channel name, recent video titles, and collection context",No
Sam Sulek,UCAuk798iHprjTtwlClkFxMA,https://www.youtube.com/channel/UCAuk798iHprjTtwlClkFxMA,Sports,,No,"Inferred from channel name, recent video titles, and collection context",No
samaras ketolife,UCbE3L82CulQw0zIVsW-xWxg,https://www.youtube.com/channel/UCbE3L82CulQw0zIVsW-xWxg,Sports,,No,Inferred from the previous PocketTube collection,No
Topz Extra,UCpFgBLPKyf80Ng5xk2XFxsQ,https://www.youtube.com/channel/UCpFgBLPKyf80Ng5xk2XFxsQ,Sports,,No,"Inferred from channel name, recent video titles, and collection context",No
UFC,UCvgfXK4nTYKudb0rFR6noLA,https://www.youtube.com/channel/UCvgfXK4nTYKudb0rFR6noLA,Sports,,No,"Inferred from channel name, recent video titles, and collection context",No
WESLEY GIMENEZ - KRAV MAGA CAVEIRA,UC2bWVm4BwRM2vK8y6vldhlQ,https://www.youtube.com/channel/UC2bWVm4BwRM2vK8y6vldhlQ,Sports,,No,Inferred from the previous PocketTube collection,No
YS 24 Handball Video,UCGm5aMLEY8QtnTEMzw1UkhA,https://www.youtube.com/channel/UCGm5aMLEY8QtnTEMzw1UkhA,Sports,,No,Inferred from the previous PocketTube collection,No
اقوى تيبس Akwa Tips,UCR9Vu6Bsxxs-tEVeSz-3bqQ,https://www.youtube.com/channel/UCR9Vu6Bsxxs-tEVeSz-3bqQ,Sports,,No,"Inferred from channel name, recent video titles, and collection context",No
شبكة العاب العرب | Arab Games Network,UCV2JkEBmtfSYGAIlprAhAyQ,https://www.youtube.com/channel/UCV2JkEBmtfSYGAIlprAhAyQ,Sports,,No,"Inferred from channel name, recent video titles, and collection context",No
قناة د محمد نوفل للشطرنج,UCX6vJsr5GZtCQjt04x4r5nQ,https://www.youtube.com/channel/UCX6vJsr5GZtCQjt04x4r5nQ,Sports,,No,"Inferred from channel name, recent video titles, and collection context",No
Abdo Sbiti,UCL-TX8CDnm6HGjQZbLtQcSg,https://www.youtube.com/channel/UCL-TX8CDnm6HGjQZbLtQcSg,Technology & AI,,No,Inferred from the previous PocketTube collection,No
Abdullrhman Salah - عبدالرحمن صلاح,UCXqLEz_hk_IHxBSUuaa87DQ,https://www.youtube.com/channel/UCXqLEz_hk_IHxBSUuaa87DQ,Technology & AI,,No,Inferred from the previous PocketTube collection,No
Affinity with Dansky,UCbqKWUKmchbqi19D8TIJomw,https://www.youtube.com/channel/UCbqKWUKmchbqi19D8TIJomw,Technology & AI,,No,Inferred from the previous PocketTube collection,No
Ahmed Khaled,UCrWdK9MFWhu5FpjUvzNzOXw,https://www.youtube.com/channel/UCrWdK9MFWhu5FpjUvzNzOXw,Technology & AI,,No,Inferred from the previous PocketTube collection,No
Ahmed Nagdy - أحمد نجدي,UCV5-PB2LLRn0v3LZ5Rqu2Xw,https://www.youtube.com/channel/UCV5-PB2LLRn0v3LZ5Rqu2Xw,Technology & AI,,No,"Inferred from channel name, recent video titles, and collection context",No
AI Explained,UCNJ1Ymd5yFuUPtn21xtRbbw,https://www.youtube.com/channel/UCNJ1Ymd5yFuUPtn21xtRbbw,Technology & AI,,No,"Inferred from channel name, recent video titles, and collection context",No
AI In Context,UCwicfou4Ewu-koikmga-bEg,https://www.youtube.com/channel/UCwicfou4Ewu-koikmga-bEg,Technology & AI,,No,"Inferred from channel name, recent video titles, and collection context",No
AI Nexus,UC3tfKRHwNsVLQVLwgCtGD4A,https://www.youtube.com/channel/UC3tfKRHwNsVLQVLwgCtGD4A,Technology & AI,,No,"Inferred from channel name, recent video titles, and collection context",No
Aliena Cai,UCdImQC-ytxsJss3d1cqdOzA,https://www.youtube.com/channel/UCdImQC-ytxsJss3d1cqdOzA,Technology & AI,,No,Inferred from the previous PocketTube collection,No
Andy Stapleton,UCFqXmQ56-Gp1rIKa-GoAJvQ,https://www.youtube.com/channel/UCFqXmQ56-Gp1rIKa-GoAJvQ,Technology & AI,,No,"Inferred from channel name, recent video titles, and collection context",No
Apple,UCE_M8A5yxnLfW0KghEeajjw,https://www.youtube.com/channel/UCE_M8A5yxnLfW0KghEeajjw,Technology & AI,,No,"Inferred from channel name, recent video titles, and collection context",No
Baz Station محطة باز,UCYk5_iTAzDBUILMkn0g5Lxw,https://www.youtube.com/channel/UCYk5_iTAzDBUILMkn0g5Lxw,Technology & AI,,No,Inferred from the previous PocketTube collection,No
Bing,UCAV2DO940Pl55eXOLVvaT0g,https://www.youtube.com/channel/UCAV2DO940Pl55eXOLVvaT0g,Technology & AI,,No,Inferred from the previous PocketTube collection,No
BlueStacks,UC9eB0Ysv4UcKgjEy47zcZ5A,https://www.youtube.com/channel/UC9eB0Ysv4UcKgjEy47zcZ5A,Technology & AI,,No,Inferred from the previous PocketTube collection,No
Brad Giannini,UCMP69vxbThtZAmerkaBZYbg,https://www.youtube.com/channel/UCMP69vxbThtZAmerkaBZYbg,Technology & AI,,No,"Inferred from channel name, recent video titles, and collection context",No
Bring Your Own Laptop,UCHZ-NWzcaa4lFT9NjP4T4pg,https://www.youtube.com/channel/UCHZ-NWzcaa4lFT9NjP4T4pg,Technology & AI,,No,"Inferred from channel name, recent video titles, and collection context",No
Cambotar | كمبوطر,UC-BZxIdlztx9bvptinxpnlg,https://www.youtube.com/channel/UC-BZxIdlztx9bvptinxpnlg,Technology & AI,,No,"Inferred from channel name, recent video titles, and collection context",No
CGP Grey,UC2C_jShtL725hvbm1arSV9w,https://www.youtube.com/channel/UC2C_jShtL725hvbm1arSV9w,Technology & AI,,No,Inferred from the previous PocketTube collection,No
Cinecom.net,UCpLfM1_MIcIQ3jweRT19LVw,https://www.youtube.com/channel/UCpLfM1_MIcIQ3jweRT19LVw,Technology & AI,,No,Inferred from the previous PocketTube collection,No
Concept Central,UCpjFz3EP5lv9MiN3DZzmNFg,https://www.youtube.com/channel/UCpjFz3EP5lv9MiN3DZzmNFg,Technology & AI,,No,"Inferred from channel name, recent video titles, and collection context",No
Cozy Design Studios,UCBRg7jl3eQlFEx7KcJ1oEBw,https://www.youtube.com/channel/UCBRg7jl3eQlFEx7KcJ1oEBw,Technology & AI,,No,"Inferred from channel name, recent video titles, and collection context",No
CS50,UCcabW7890RKJzL968QWEykA,https://www.youtube.com/channel/UCcabW7890RKJzL968QWEykA,Technology & AI,,No,Inferred from the previous PocketTube collection,No
Dammit Jeff,UCXOSur_wiS9TK0WUhJrYrlA,https://www.youtube.com/channel/UCXOSur_wiS9TK0WUhJrYrlA,Technology & AI,Technology; AI,Yes,"Inferred from channel name, recent video titles, and collection context",No
Daniel Schiffer,UCwjZLzqHYImv4oCJQcZ8Hig,https://www.youtube.com/channel/UCwjZLzqHYImv4oCJQcZ8Hig,Technology & AI,,No,"Inferred from channel name, recent video titles, and collection context",No
Dansky,UCAbq1eKey19tt-FfaIO1RMA,https://www.youtube.com/channel/UCAbq1eKey19tt-FfaIO1RMA,Technology & AI,,No,Inferred from the previous PocketTube collection,No
Darin Wood,UC8A7epR7yNWG_4JYmJxa0Yw,https://www.youtube.com/channel/UC8A7epR7yNWG_4JYmJxa0Yw,Technology & AI,,No,"Inferred from channel name, recent video titles, and collection context",No
Designs By IFR,UCV11AccJeiMX4ZyHErV2oPw,https://www.youtube.com/channel/UCV11AccJeiMX4ZyHErV2oPw,Technology & AI,,No,"Inferred from channel name, recent video titles, and collection context",No
DIY Perks,UCUQo7nzH1sXVpzL92VesANw,https://www.youtube.com/channel/UCUQo7nzH1sXVpzL92VesANw,Technology & AI,,No,"Inferred from channel name, recent video titles, and collection context",No
Dubibubi,UC4SgqYQmdTCKXUoer2U-lcg,https://www.youtube.com/channel/UC4SgqYQmdTCKXUoer2U-lcg,Technology & AI,,No,"Inferred from channel name, recent video titles, and collection context",No
Fireship,UCsBjURrPoezykLs9EqgamOA,https://www.youtube.com/channel/UCsBjURrPoezykLs9EqgamOA,Technology & AI,,No,"Inferred from channel name, recent video titles, and collection context",No
Flux Academy,UCN7dywl5wDxTu1RM3eJ_h9Q,https://www.youtube.com/channel/UCN7dywl5wDxTu1RM3eJ_h9Q,Technology & AI,,No,"Inferred from channel name, recent video titles, and collection context",No
Ghaith Salih,UC_c5lmFcsdcZtCL6furutbQ,https://www.youtube.com/channel/UC_c5lmFcsdcZtCL6furutbQ,Technology & AI,,No,Inferred from the previous PocketTube collection,No
Grain,UCb024SWfypLb3cdsbhX9ITw,https://www.youtube.com/channel/UCb024SWfypLb3cdsbhX9ITw,Technology & AI,,No,Inferred from the previous PocketTube collection,No
GregsGadgets,UCoi3Uk6JtP9QgA5BRwnh6NQ,https://www.youtube.com/channel/UCoi3Uk6JtP9QgA5BRwnh6NQ,Technology & AI,,No,"Inferred from channel name, recent video titles, and collection context",No
Hasan Naser - حسَن,UCFegjd76TsdL9dxQLpFPdPA,https://www.youtube.com/channel/UCFegjd76TsdL9dxQLpFPdPA,Technology & AI,,No,"Inferred from channel name, recent video titles, and collection context",No
Heba Ahmed - هبة احمد,UCMvdDpKRU_-ZmSz9F1lKOVA,https://www.youtube.com/channel/UCMvdDpKRU_-ZmSz9F1lKOVA,Technology & AI,,No,"Inferred from channel name, recent video titles, and collection context",No
iJustine,UCey_c7U86mJGz1VJWH5CYPA,https://www.youtube.com/channel/UCey_c7U86mJGz1VJWH5CYPA,Technology & AI,,No,"Inferred from channel name, recent video titles, and collection context",No
Inass Raghib,UCPBcpWVTN2ilF9KsRYEe1Fg,https://www.youtube.com/channel/UCPBcpWVTN2ilF9KsRYEe1Fg,Technology & AI,,No,"Inferred from channel name, recent video titles, and collection context",No
Iphone Bofarj,UCNzpdgGBR6iZTHYPgYq3zmw,https://www.youtube.com/channel/UCNzpdgGBR6iZTHYPgYq3zmw,Technology & AI,,No,"Inferred from channel name, recent video titles, and collection context",No
Jordi Koalitic,UC-Md_S_A6VcSJiAhStZCKbw,https://www.youtube.com/channel/UC-Md_S_A6VcSJiAhStZCKbw,Technology & AI,,No,"Inferred from channel name, recent video titles, and collection context",No
Josh Pocock,UCIVAz0HAz5a_CRlJdV4yRFw,https://www.youtube.com/channel/UCIVAz0HAz5a_CRlJdV4yRFw,Technology & AI,,No,"Inferred from channel name, recent video titles, and collection context",No
Julian Goldie SEO,UCGpsgNbzdF7BECCVbB1COHw,https://www.youtube.com/channel/UCGpsgNbzdF7BECCVbB1COHw,Technology & AI,,No,"Inferred from channel name, recent video titles, and collection context",No
Kokoro Yagami,UCk94Ct5NOjrdhGT2vjeviKw,https://www.youtube.com/channel/UCk94Ct5NOjrdhGT2vjeviKw,Technology & AI,,No,Inferred from the previous PocketTube collection,No
Linus Tech Tips,UCXuqSBlHAE6Xw-yeJA0Tunw,https://www.youtube.com/channel/UCXuqSBlHAE6Xw-yeJA0Tunw,Technology & AI,,No,"Inferred from channel name, recent video titles, and collection context",No
Liseuse et ebook,UCtSkWzbyrYran2t2GiPnlZA,https://www.youtube.com/channel/UCtSkWzbyrYran2t2GiPnlZA,Technology & AI,,No,"Inferred from channel name, recent video titles, and collection context",No
Luke Miani,UC3c8H4Tlnm5M6pXsVMGnmNg,https://www.youtube.com/channel/UC3c8H4Tlnm5M6pXsVMGnmNg,Technology & AI,,No,"Inferred from channel name, recent video titles, and collection context",No
Mahmoud Elsamalosy,UCp7IWHt--abD3B7UUwrUrDA,https://www.youtube.com/channel/UCp7IWHt--abD3B7UUwrUrDA,Technology & AI,,No,"Inferred from channel name, recent video titles, and collection context",No
Marques Brownlee,UCBJycsmduvYEL83R_U4JriQ,https://www.youtube.com/channel/UCBJycsmduvYEL83R_U4JriQ,Technology & AI,Technology; AI,Yes,"Inferred from channel name, recent video titles, and collection context",No
Matthew Encina,UCSLeoz5odIGS2GdlbHbCAUg,https://www.youtube.com/channel/UCSLeoz5odIGS2GdlbHbCAUg,Technology & AI,,No,Inferred from the previous PocketTube collection,No
Med Projects,UCBdkkKR5JTcpp44XyZMcx3A,https://www.youtube.com/channel/UCBdkkKR5JTcpp44XyZMcx3A,Technology & AI,,No,Inferred from the previous PocketTube collection,No
MetraByte,UCyUFqqpJskoLfILYzyeIkWA,https://www.youtube.com/channel/UCyUFqqpJskoLfILYzyeIkWA,Technology & AI,,No,"Inferred from channel name, recent video titles, and collection context",No
MinimalisTech,UCIU53gPEdfQxEKbJkZbzJyw,https://www.youtube.com/channel/UCIU53gPEdfQxEKbJkZbzJyw,Technology & AI,,No,"Inferred from channel name, recent video titles, and collection context",No
Mira AI,UCLmBFlpNOjLxpFEV5_Ax0mg,https://www.youtube.com/channel/UCLmBFlpNOjLxpFEV5_Ax0mg,Technology & AI,,No,"Inferred from channel name, recent video titles, and collection context",No
Mo Gawdat,UCilMYYyoot7vhLn4Tinzmmg,https://www.youtube.com/channel/UCilMYYyoot7vhLn4Tinzmmg,Technology & AI,Technology; AI,Yes,"Inferred from channel name, recent video titles, and collection context",No
MOHAMED ELKOUHAILI,UC-tT2OPgXOvD4NG_kEVVBxw,https://www.youtube.com/channel/UC-tT2OPgXOvD4NG_kEVVBxw,Technology & AI,Technology; AI,Yes,"Inferred from channel name, recent video titles, and collection context",No
Mohammed Ihsan محمد احسان,UCrIXSECWFaTfcQC5tCzXs4g,https://www.youtube.com/channel/UCrIXSECWFaTfcQC5tCzXs4g,Technology & AI,Technology; AI,Yes,Inferred from the previous PocketTube collection,No
More Perfect Union,UCehBVAPy-bxmnbNARF-_tvA,https://www.youtube.com/channel/UCehBVAPy-bxmnbNARF-_tvA,Technology & AI,Technology; AI,Yes,"Inferred from channel name, recent video titles, and collection context",No
MOUAD BEN'NALI,UCsVUA56GhJ-l1p9UnDPau-w,https://www.youtube.com/channel/UCsVUA56GhJ-l1p9UnDPau-w,Technology & AI,,No,"Inferred from channel name, recent video titles, and collection context",No
Mrwhosetheboss,UCMiJRAwDNSNzuYeN2uWa0pA,https://www.youtube.com/channel/UCMiJRAwDNSNzuYeN2uWa0pA,Technology & AI,,No,"Inferred from channel name, recent video titles, and collection context",No
NDA Hack,UCO0--uVBE8kcIJJkvDJ83tA,https://www.youtube.com/channel/UCO0--uVBE8kcIJJkvDJ83tA,Technology & AI,,No,"Inferred from channel name, recent video titles, and collection context",No
NetworkChuck,UC9x0AN7BWHpCDHSm9NiJFJQ,https://www.youtube.com/channel/UC9x0AN7BWHpCDHSm9NiJFJQ,Technology & AI,,No,"Inferred from channel name, recent video titles, and collection context",No
NothingButTech,UCTd08bYLVmO6sMR0ftRltuQ,https://www.youtube.com/channel/UCTd08bYLVmO6sMR0ftRltuQ,Technology & AI,,No,"Inferred from channel name, recent video titles, and collection context",No
Nour Design,UCaGI-UP6IsjmK80Vlfn6btg,https://www.youtube.com/channel/UCaGI-UP6IsjmK80Vlfn6btg,Technology & AI,,No,Inferred from the previous PocketTube collection,No
NVIDIA GeForce Middle East,UCNHEgWwvqwP37DrkzBxXwMQ,https://www.youtube.com/channel/UCNHEgWwvqwP37DrkzBxXwMQ,Technology & AI,,No,"Inferred from channel name, recent video titles, and collection context",No
OpenAI,UCXZCJLdBC09xxGZ6gcdrc6A,https://www.youtube.com/channel/UCXZCJLdBC09xxGZ6gcdrc6A,Technology & AI,Technology; AI,Yes,"Inferred from channel name, recent video titles, and collection context",No
Palisade Research,UCVQ5XHD6CFcCT13xNhlZRmg,https://www.youtube.com/channel/UCVQ5XHD6CFcCT13xNhlZRmg,Technology & AI,,No,"Inferred from channel name, recent video titles, and collection context",No
Paolo,UCSaoQBlFCOyeJ_Bzaiww9NQ,https://www.youtube.com/channel/UCSaoQBlFCOyeJ_Bzaiww9NQ,Technology & AI,,No,"Inferred from channel name, recent video titles, and collection context",No
Paul Marles,UC2srRh1VkgXJa-BjWhBHKBA,https://www.youtube.com/channel/UC2srRh1VkgXJa-BjWhBHKBA,Technology & AI,,No,"Inferred from channel name, recent video titles, and collection context",No
Peter Melad - بيتر ميلاد,UCXerYgG342gmfpTahEzbgRA,https://www.youtube.com/channel/UCXerYgG342gmfpTahEzbgRA,Technology & AI,,No,"Inferred from channel name, recent video titles, and collection context",No
PewDiePie,UC-lHJZR3Gqxm24_Vd_AJ5Yw,https://www.youtube.com/channel/UC-lHJZR3Gqxm24_Vd_AJ5Yw,Technology & AI,,No,"Inferred from channel name, recent video titles, and collection context",No
photoshopCAFE,UCc0_OX4mqSoRecj3IgJTLtg,https://www.youtube.com/channel/UCc0_OX4mqSoRecj3IgJTLtg,Technology & AI,,No,"Inferred from channel name, recent video titles, and collection context",No
PiXimperfect,UCMrvLMUITAImCHMOhX88PYQ,https://www.youtube.com/channel/UCMrvLMUITAImCHMOhX88PYQ,Technology & AI,,No,Inferred from the previous PocketTube collection,No
PocketTube,UCTVgSQTwWpHWIXC6EOh8vWw,https://www.youtube.com/channel/UCTVgSQTwWpHWIXC6EOh8vWw,Technology & AI,Technology; AI,Yes,Inferred from the previous PocketTube collection,No
Python Arabic Community,UC9ocsRoOwj9tkAQNfUt8ZJg,https://www.youtube.com/channel/UC9ocsRoOwj9tkAQNfUt8ZJg,Technology & AI,,No,"Inferred from channel name, recent video titles, and collection context",No
Readwise,UCEj-pCogfgtK9d-wJCODJmw,https://www.youtube.com/channel/UCEj-pCogfgtK9d-wJCODJmw,Technology & AI,,No,"Inferred from channel name, recent video titles, and collection context",No
Saif Al-Nuaimi سيف النعيمي,UCb8T43GI176vBWGYYZx7PQA,https://www.youtube.com/channel/UCb8T43GI176vBWGYYZx7PQA,Technology & AI,Technology; AI,Yes,"Inferred from channel name, recent video titles, and collection context",No
Satori Graphics,UCoeJKtPJLoIBqWq4o8TDLpA,https://www.youtube.com/channel/UCoeJKtPJLoIBqWq4o8TDLpA,Technology & AI,,No,"Inferred from channel name, recent video titles, and collection context",No
Senator Bernie Sanders,UCD_DaKNac0Ta-2PeHuoQ1uA,https://www.youtube.com/channel/UCD_DaKNac0Ta-2PeHuoQ1uA,Technology & AI,,No,"Inferred from channel name, recent video titles, and collection context",No
Silicon Carne 🌶️,UCt11zYNefnunOkgCrsO9UYg,https://www.youtube.com/channel/UCt11zYNefnunOkgCrsO9UYg,Technology & AI,,No,"Inferred from channel name, recent video titles, and collection context",No
SoKrispyMedia,UCKo61AAaRD00ibCWJZ321MQ,https://www.youtube.com/channel/UCKo61AAaRD00ibCWJZ321MQ,Technology & AI,,No,"Inferred from channel name, recent video titles, and collection context",No
Spencer’s Adventures,UCqsdzXbeM5HWwfPBenXRIWQ,https://www.youtube.com/channel/UCqsdzXbeM5HWwfPBenXRIWQ,Technology & AI,Technology; AI,Yes,"Inferred from channel name, recent video titles, and collection context",No
Switch and Click,UCT6AJiTYspOILBK3hMWEq2g,https://www.youtube.com/channel/UCT6AJiTYspOILBK3hMWEq2g,Technology & AI,Technology; AI,Yes,"Inferred from channel name, recent video titles, and collection context",No
That Mark Gilroy,UCDYJ3BCFTGLylzCtKTrlkMw,https://www.youtube.com/channel/UCDYJ3BCFTGLylzCtKTrlkMw,Technology & AI,,No,"Inferred from channel name, recent video titles, and collection context",No
The AI Advantage,UCHhYXsLBEVVnbvsq57n1MTQ,https://www.youtube.com/channel/UCHhYXsLBEVVnbvsq57n1MTQ,Technology & AI,Technology; AI,Yes,"Inferred from channel name, recent video titles, and collection context",No
The Slow Mo Guys,UCUK0HBIBWgM2c4vsPhkYY4w,https://www.youtube.com/channel/UCUK0HBIBWgM2c4vsPhkYY4w,Technology & AI,,No,"Inferred from channel name, recent video titles, and collection context",No
The Tech Act,UCJAZscCHAyme3bMLnKLqgtg,https://www.youtube.com/channel/UCJAZscCHAyme3bMLnKLqgtg,Technology & AI,,No,"Inferred from channel name, recent video titles, and collection context",No
Tim Schofield,UCbR6jJpva9VIIAHTse4C3hw,https://www.youtube.com/channel/UCbR6jJpva9VIIAHTse4C3hw,Technology & AI,,No,"Inferred from channel name, recent video titles, and collection context",No
Toufik Elhayani,UCDNlXxGs1OhQdU6dRAP0YWg,https://www.youtube.com/channel/UCDNlXxGs1OhQdU6dRAP0YWg,Technology & AI,,No,"Inferred from channel name, recent video titles, and collection context",No
Unknown channel,UCTxhd-f3WmraKfCQSambCxA,https://www.youtube.com/channel/UCTxhd-f3WmraKfCQSambCxA,Technology & AI,,No,Needs review: channel metadata could not be resolved,Yes
UTD Saudi فيصل السيف,UCMM1y0hm7qXW8yGJ6DeQeSQ,https://www.youtube.com/channel/UCMM1y0hm7qXW8yGJ6DeQeSQ,Technology & AI,Technology; AI,Yes,"Inferred from channel name, recent video titles, and collection context",No
Walid Taha,UCIL3YfRG2k7V9EDC3jzy-kg,https://www.youtube.com/channel/UCIL3YfRG2k7V9EDC3jzy-kg,Technology & AI,,No,"Inferred from channel name, recent video titles, and collection context",No
Will Paterson,UCIp9sEZiv36cDG7cEnrVU7Q,https://www.youtube.com/channel/UCIp9sEZiv36cDG7cEnrVU7Q,Technology & AI,,No,"Inferred from channel name, recent video titles, and collection context",No
Yehia Radwan يحيى رضوان,UCVJMlu9ObMGjDBkpTZkwpRg,https://www.youtube.com/channel/UCVJMlu9ObMGjDBkpTZkwpRg,Technology & AI,Technology; AI,Yes,"Inferred from channel name, recent video titles, and collection context",No
Zeta,UCVoX8JtcSeIyNbGIRHKhBLg,https://www.youtube.com/channel/UCVoX8JtcSeIyNbGIRHKhBLg,Technology & AI,,No,"Inferred from channel name, recent video titles, and collection context",No
أراجيك - AraGeek,UCp_KQf0IH1v_3P_djZ-2f7w,https://www.youtube.com/channel/UCp_KQf0IH1v_3P_djZ-2f7w,Technology & AI,,No,"Inferred from channel name, recent video titles, and collection context",No
احمد الجرنوسي Elgarnosy,UC6NVrqrnd0YOUkZYAa3__Uw,https://www.youtube.com/channel/UC6NVrqrnd0YOUkZYAa3__Uw,Technology & AI,,No,"Inferred from channel name, recent video titles, and collection context",No
التميز للشروحات - altamiuz,UCGpX_3ztNVyW8tCvwmtENPA,https://www.youtube.com/channel/UCGpX_3ztNVyW8tCvwmtENPA,Technology & AI,,No,Inferred from the previous PocketTube collection,No
العالم الذكي,UCoP1_4j6GMuRGVU9r2z687A,https://www.youtube.com/channel/UCoP1_4j6GMuRGVU9r2z687A,Technology & AI,,No,"Inferred from channel name, recent video titles, and collection context",No
ذكاء اصطناعي عربي,UCGrVvqu8PlVv0wPqA5kgY8A,https://www.youtube.com/channel/UCGrVvqu8PlVv0wPqA5kgY8A,Technology & AI,,No,"Inferred from channel name, recent video titles, and collection context",No
سنكرة SANKARA,UCNR623NFV3DbWpPTrA8cI_A,https://www.youtube.com/channel/UCNR623NFV3DbWpPTrA8cI_A,Technology & AI,,No,"Inferred from channel name, recent video titles, and collection context",No
عبداللطيف سعيد Abdellatif Said,UCSRy-3lglM2QKJ_xF2zuPlQ,https://www.youtube.com/channel/UCSRy-3lglM2QKJ_xF2zuPlQ,Technology & AI,,No,"Inferred from channel name, recent video titles, and collection context",No
عبدالمجيد المطيويع Mjeed Almutwee,UCOTaTvmYcSU6LdTTbS4HoSA,https://www.youtube.com/channel/UCOTaTvmYcSU6LdTTbS4HoSA,Technology & AI,,No,Inferred from the previous PocketTube collection,No
مجتمع الذكاء الاصطناعي,UCdC7AnvYO6VExKc725SwGUw,https://www.youtube.com/channel/UCdC7AnvYO6VExKc725SwGUw,Technology & AI,,No,Inferred from the previous PocketTube collection,No
‫ياسر الدبيخي‬‎,UCkpqgOtfBsATqRsAYP2XXGg,https://www.youtube.com/channel/UCkpqgOtfBsATqRsAYP2XXGg,Technology & AI,,No,Inferred from the previous PocketTube collection,No
Abouzaid,UCdNo5yauE8IU-vS8_dO3qew,https://www.youtube.com/channel/UCdNo5yauE8IU-vS8_dO3qew,Travel & Adventure,Travel; Adventure,Yes,"Inferred from channel name, recent video titles, and collection context",No
Anas Iskander I انس اسكندر,UCYxgB9psPbUBKpP4yJWTiqQ,https://www.youtube.com/channel/UCYxgB9psPbUBKpP4yJWTiqQ,Travel & Adventure,,No,"Inferred from channel name, recent video titles, and collection context",No
Brahimlogia Travels,UC5Q8MrVWuyujVXtABTMTGTA,https://www.youtube.com/channel/UC5Q8MrVWuyujVXtABTMTGTA,Travel & Adventure,,No,"Inferred from channel name, recent video titles, and collection context",No
Dutch Travel Maniac,UCHFlmhzqSTZf8kjCpI5Y4NA,https://www.youtube.com/channel/UCHFlmhzqSTZf8kjCpI5Y4NA,Travel & Adventure,,No,"Inferred from channel name, recent video titles, and collection context",No
Fathi Vlog,UCESMmRAOkG8AedCPVXMxlDw,https://www.youtube.com/channel/UCESMmRAOkG8AedCPVXMxlDw,Travel & Adventure,Travel; Adventure,Yes,"Inferred from channel name, recent video titles, and collection context",No
Hazem El Seddiq,UCAG5O5KFtLnDGLRpGQB_JCw,https://www.youtube.com/channel/UCAG5O5KFtLnDGLRpGQB_JCw,Travel & Adventure,Travel; Adventure,Yes,"Inferred from channel name, recent video titles, and collection context",No
Ibn Hattuta Travels,UCwX3zPzHYYxU3qqbH3KVdVw,https://www.youtube.com/channel/UCwX3zPzHYYxU3qqbH3KVdVw,Travel & Adventure,Travel; Adventure,Yes,"Inferred from channel name, recent video titles, and collection context",No
Laadiyoun - العاديون,UCh8qdCxA7FtP1nAwLKyL3Lw,https://www.youtube.com/channel/UCh8qdCxA7FtP1nAwLKyL3Lw,Travel & Adventure,,No,"Inferred from channel name, recent video titles, and collection context",No
lularobs,UCGCwHVbVXNydrq-ZW_JW4fQ,https://www.youtube.com/channel/UCGCwHVbVXNydrq-ZW_JW4fQ,Travel & Adventure,,No,Inferred from the previous PocketTube collection,No
Magnus Carlsen,UCbdcpQ5uPPymv7Ea0nnFfOw,https://www.youtube.com/channel/UCbdcpQ5uPPymv7Ea0nnFfOw,Travel & Adventure,,No,Inferred from the previous PocketTube collection,No
Mat Armstrong,UCcLYOTz3ct6_lk9iLToxxAw,https://www.youtube.com/channel/UCcLYOTz3ct6_lk9iLToxxAw,Travel & Adventure,,No,Inferred from the previous PocketTube collection,No
Mauricio Flores Rios,UCafpDJknMf7fr1Wlw6jAEMQ,https://www.youtube.com/channel/UCafpDJknMf7fr1Wlw6jAEMQ,Travel & Adventure,,No,Inferred from the previous PocketTube collection,No
Micah Clark,UCt2mASQVWxIWTmEdymewv-Q,https://www.youtube.com/channel/UCt2mASQVWxIWTmEdymewv-Q,Travel & Adventure,,No,Inferred from the previous PocketTube collection,No
Michaels Bizarre Schachtheorien,UCwhUdI7AsBM3Mj1pH__vqQw,https://www.youtube.com/channel/UCwhUdI7AsBM3Mj1pH__vqQw,Travel & Adventure,,No,Inferred from the previous PocketTube collection,No
MOHAMED & LANIE,UCoYUaYNNuq5z62mk5VkUggg,https://www.youtube.com/channel/UCoYUaYNNuq5z62mk5VkUggg,Travel & Adventure,,No,"Inferred from channel name, recent video titles, and collection context",No
Nemo,UCX1aKS73OTYKAD-D5dno73w,https://www.youtube.com/channel/UCX1aKS73OTYKAD-D5dno73w,Travel & Adventure,,No,Inferred from the previous PocketTube collection,No
Outdoor Boys,UCfpCQ89W9wjkHc8J_6eTbBg,https://www.youtube.com/channel/UCfpCQ89W9wjkHc8J_6eTbBg,Travel & Adventure,Travel; Adventure,Yes,"Inferred from channel name, recent video titles, and collection context",No
sadisticTushi,UCNCwk2YndqegSmcMRDoIkdQ,https://www.youtube.com/channel/UCNCwk2YndqegSmcMRDoIkdQ,Travel & Adventure,,No,Inferred from the previous PocketTube collection,No
Saint Louis Chess Club,UCM-ONC2bCHytG2mYtKDmIeA,https://www.youtube.com/channel/UCM-ONC2bCHytG2mYtKDmIeA,Travel & Adventure,,No,Inferred from the previous PocketTube collection,No
Sarah Hany,UCDzjeb30wwXBPDv66AVZsxw,https://www.youtube.com/channel/UCDzjeb30wwXBPDv66AVZsxw,Travel & Adventure,Travel; Adventure,Yes,"Inferred from channel name, recent video titles, and collection context",No
Shark Tank Global,UCREgA-BmOocJ9Is_bZV6aJQ,https://www.youtube.com/channel/UCREgA-BmOocJ9Is_bZV6aJQ,Travel & Adventure,,No,Inferred from the previous PocketTube collection,No
Youssra Mera,UCMLL6mdRqkdVyq4gelZ8b3g,https://www.youtube.com/channel/UCMLL6mdRqkdVyq4gelZ8b3g,Travel & Adventure,Travel; Adventure,Yes,"Inferred from channel name, recent video titles, and collection context",No
عمر فاروق Omar Farooq,UC7lfpgPpjx7YvuE12_UcGrg,https://www.youtube.com/channel/UC7lfpgPpjx7YvuE12_UcGrg,Travel & Adventure,,No,"Inferred from channel name, recent video titles, and collection context",No
قناة الشعب🇲🇦 عيش الدرويش,UCINsPa8wK44pR4f7aEK2V3Q,https://www.youtube.com/channel/UCINsPa8wK44pR4f7aEK2V3Q,Travel & Adventure,,No,Inferred from the previous PocketTube collection,No
